,img_names,labels,class_names
0,data\train\FLAME TANAGER\021.jpg,0,FLAME TANAGER
1,data\train\FLAME TANAGER\022.jpg,0,FLAME TANAGER
2,data\train\FLAME TANAGER\023.jpg,0,FLAME TANAGER
3,data\train\FLAME TANAGER\024.jpg,0,FLAME TANAGER
4,data\train\FLAME TANAGER\025.jpg,0,FLAME TANAGER
5,data\train\FLAME TANAGER\026.jpg,0,FLAME TANAGER
6,data\train\FLAME TANAGER\027.jpg,0,FLAME TANAGER
7,data\train\FLAME TANAGER\028.jpg,0,FLAME TANAGER
8,data\train\FLAME TANAGER\029.jpg,0,FLAME TANAGER
9,data\train\FLAME TANAGER\030.jpg,0,FLAME TANAGER
10,data\train\FLAME TANAGER\031.jpg,0,FLAME TANAGER
11,data\train\FLAME TANAGER\032.jpg,0,FLAME TANAGER
12,data\train\FLAME TANAGER\033.jpg,0,FLAME TANAGER
13,data\train\FLAME TANAGER\034.jpg,0,FLAME TANAGER
14,data\train\FLAME TANAGER\035.jpg,0,FLAME TANAGER
15,data\train\FLAME TANAGER\036.jpg,0,FLAME TANAGER
16,data\train\FLAME TANAGER\037.jpg,0,FLAME TANAGER
17,data\train\FLAME TANAGER\038.jpg,0,FLAME TANAGER
18,data\train\FLAME TANAGER\039.jpg,0,FLAME TANAGER
19,data\train\FLAME TANAGER\040.jpg,0,FLAME TANAGER
20,data\train\FLAME TANAGER\041.jpg,0,FLAME TANAGER
21,data\train\FLAME TANAGER\042.jpg,0,FLAME TANAGER
22,data\train\FLAME TANAGER\043.jpg,0,FLAME TANAGER
23,data\train\FLAME TANAGER\044.jpg,0,FLAME TANAGER
24,data\train\FLAME TANAGER\045.jpg,0,FLAME TANAGER
25,data\train\FLAME TANAGER\046.jpg,0,FLAME TANAGER
26,data\train\FLAME TANAGER\047.jpg,0,FLAME TANAGER
27,data\train\FLAME TANAGER\048.jpg,0,FLAME TANAGER
28,data\train\FLAME TANAGER\049.jpg,0,FLAME TANAGER
29,data\train\FLAME TANAGER\050.jpg,0,FLAME TANAGER
30,data\train\FLAME TANAGER\051.jpg,0,FLAME TANAGER
31,data\train\FLAME TANAGER\052.jpg,0,FLAME TANAGER
32,data\train\FLAME TANAGER\053.jpg,0,FLAME TANAGER
33,data\train\FLAME TANAGER\054.jpg,0,FLAME TANAGER
34,data\train\FLAME TANAGER\055.jpg,0,FLAME TANAGER
35,data\train\FLAME TANAGER\056.jpg,0,FLAME TANAGER
36,data\train\FLAME TANAGER\057.jpg,0,FLAME TANAGER
37,data\train\FLAME TANAGER\058.jpg,0,FLAME TANAGER
38,data\train\FLAME TANAGER\059.jpg,0,FLAME TANAGER
39,data\train\FLAME TANAGER\060.jpg,0,FLAME TANAGER
40,data\train\FLAME TANAGER\061.jpg,0,FLAME TANAGER
41,data\train\FLAME TANAGER\062.jpg,0,FLAME TANAGER
42,data\train\FLAME TANAGER\063.jpg,0,FLAME TANAGER
43,data\train\FLAME TANAGER\064.jpg,0,FLAME TANAGER
44,data\train\FLAME TANAGER\065.jpg,0,FLAME TANAGER
45,data\train\FLAME TANAGER\066.jpg,0,FLAME TANAGER
46,data\train\FLAME TANAGER\067.jpg,0,FLAME TANAGER
47,data\train\FLAME TANAGER\068.jpg,0,FLAME TANAGER
48,data\train\FLAME TANAGER\069.jpg,0,FLAME TANAGER
49,data\train\FLAME TANAGER\070.jpg,0,FLAME TANAGER
50,data\train\FLAME TANAGER\071.jpg,0,FLAME TANAGER
51,data\train\FLAME TANAGER\072.jpg,0,FLAME TANAGER
52,data\train\FLAME TANAGER\073.jpg,0,FLAME TANAGER
53,data\train\FLAME TANAGER\074.jpg,0,FLAME TANAGER
54,data\train\FLAME TANAGER\075.jpg,0,FLAME TANAGER
55,data\train\FLAME TANAGER\076.jpg,0,FLAME TANAGER
56,data\train\FLAME TANAGER\077.jpg,0,FLAME TANAGER
57,data\train\FLAME TANAGER\078.jpg,0,FLAME TANAGER
58,data\train\FLAME TANAGER\079.jpg,0,FLAME TANAGER
59,data\train\FLAME TANAGER\080.jpg,0,FLAME TANAGER
60,data\train\FLAME TANAGER\081.jpg,0,FLAME TANAGER
61,data\train\FLAME TANAGER\082.jpg,0,FLAME TANAGER
62,data\train\FLAME TANAGER\083.jpg,0,FLAME TANAGER
63,data\train\FLAME TANAGER\084.jpg,0,FLAME TANAGER
64,data\train\FLAME TANAGER\085.jpg,0,FLAME TANAGER
65,data\train\FLAME TANAGER\086.jpg,0,FLAME TANAGER
66,data\train\FLAME TANAGER\087.jpg,0,FLAME TANAGER
67,data\train\FLAME TANAGER\088.jpg,0,FLAME TANAGER
68,data\train\FLAME TANAGER\089.jpg,0,FLAME TANAGER
69,data\train\FLAME TANAGER\090.jpg,0,FLAME TANAGER
70,data\train\FLAME TANAGER\091.jpg,0,FLAME TANAGER
71,data\train\FLAME TANAGER\092.jpg,0,FLAME TANAGER
72,data\train\FLAME TANAGER\093.jpg,0,FLAME TANAGER
73,data\train\FLAME TANAGER\094.jpg,0,FLAME TANAGER
74,data\train\FLAME TANAGER\095.jpg,0,FLAME TANAGER
75,data\train\FLAME TANAGER\096.jpg,0,FLAME TANAGER
76,data\train\FLAME TANAGER\097.jpg,0,FLAME TANAGER
77,data\train\FLAME TANAGER\098.jpg,0,FLAME TANAGER
78,data\train\FLAME TANAGER\099.jpg,0,FLAME TANAGER
79,data\train\FLAME TANAGER\100.jpg,0,FLAME TANAGER
80,data\train\FLAME TANAGER\101.jpg,0,FLAME TANAGER
81,data\train\FLAME TANAGER\102.jpg,0,FLAME TANAGER
82,data\train\FLAME TANAGER\103.jpg,0,FLAME TANAGER
83,data\train\FLAME TANAGER\104.jpg,0,FLAME TANAGER
84,data\train\FLAME TANAGER\105.jpg,0,FLAME TANAGER
85,data\train\FLAME TANAGER\106.jpg,0,FLAME TANAGER
86,data\train\FLAME TANAGER\107.jpg,0,FLAME TANAGER
87,data\train\FLAME TANAGER\108.jpg,0,FLAME TANAGER
88,data\train\FLAME TANAGER\109.jpg,0,FLAME TANAGER
89,data\train\FLAME TANAGER\110.jpg,0,FLAME TANAGER
90,data\train\FLAME TANAGER\111.jpg,0,FLAME TANAGER
91,data\train\FLAME TANAGER\112.jpg,0,FLAME TANAGER
92,data\train\FLAME TANAGER\113.jpg,0,FLAME TANAGER
93,data\train\FLAME TANAGER\114.jpg,0,FLAME TANAGER
94,data\train\FLAME TANAGER\115.jpg,0,FLAME TANAGER
95,data\train\FLAME TANAGER\116.jpg,0,FLAME TANAGER
96,data\train\FLAME TANAGER\117.jpg,0,FLAME TANAGER
97,data\train\FLAME TANAGER\118.jpg,0,FLAME TANAGER
98,data\train\FLAME TANAGER\119.jpg,0,FLAME TANAGER
99,data\train\FLAME TANAGER\120.jpg,0,FLAME TANAGER
100,data\train\FLAME TANAGER\121.jpg,0,FLAME TANAGER
101,data\train\FLAME TANAGER\122.jpg,0,FLAME TANAGER
102,data\train\FLAME TANAGER\123.jpg,0,FLAME TANAGER
103,data\train\FLAME TANAGER\124.jpg,0,FLAME TANAGER
104,data\train\FLAME TANAGER\125.jpg,0,FLAME TANAGER
105,data\train\FLAME TANAGER\126.jpg,0,FLAME TANAGER
106,data\train\FLAME TANAGER\127.jpg,0,FLAME TANAGER
107,data\train\FLAME TANAGER\128.jpg,0,FLAME TANAGER
108,data\train\FLAME TANAGER\129.jpg,0,FLAME TANAGER
109,data\train\FLAME TANAGER\130.jpg,0,FLAME TANAGER
110,data\train\GOULDIAN FINCH\021.jpg,1,GOULDIAN FINCH
111,data\train\GOULDIAN FINCH\022.jpg,1,GOULDIAN FINCH
112,data\train\GOULDIAN FINCH\023.jpg,1,GOULDIAN FINCH
113,data\train\GOULDIAN FINCH\024.jpg,1,GOULDIAN FINCH
114,data\train\GOULDIAN FINCH\025.jpg,1,GOULDIAN FINCH
115,data\train\GOULDIAN FINCH\026.jpg,1,GOULDIAN FINCH
116,data\train\GOULDIAN FINCH\027.jpg,1,GOULDIAN FINCH
117,data\train\GOULDIAN FINCH\028.jpg,1,GOULDIAN FINCH
118,data\train\GOULDIAN FINCH\029.jpg,1,GOULDIAN FINCH
119,data\train\GOULDIAN FINCH\030.jpg,1,GOULDIAN FINCH
120,data\train\GOULDIAN FINCH\031.jpg,1,GOULDIAN FINCH
121,data\train\GOULDIAN FINCH\032.jpg,1,GOULDIAN FINCH
122,data\train\GOULDIAN FINCH\033.jpg,1,GOULDIAN FINCH
123,data\train\GOULDIAN FINCH\034.jpg,1,GOULDIAN FINCH
124,data\train\GOULDIAN FINCH\035.jpg,1,GOULDIAN FINCH
125,data\train\GOULDIAN FINCH\036.jpg,1,GOULDIAN FINCH
126,data\train\GOULDIAN FINCH\037.jpg,1,GOULDIAN FINCH
127,data\train\GOULDIAN FINCH\038.jpg,1,GOULDIAN FINCH
128,data\train\GOULDIAN FINCH\039.jpg,1,GOULDIAN FINCH
129,data\train\GOULDIAN FINCH\040.jpg,1,GOULDIAN FINCH
130,data\train\GOULDIAN FINCH\041.jpg,1,GOULDIAN FINCH
131,data\train\GOULDIAN FINCH\042.jpg,1,GOULDIAN FINCH
132,data\train\GOULDIAN FINCH\043.jpg,1,GOULDIAN FINCH
133,data\train\GOULDIAN FINCH\044.jpg,1,GOULDIAN FINCH
134,data\train\GOULDIAN FINCH\045.jpg,1,GOULDIAN FINCH
135,data\train\GOULDIAN FINCH\046.jpg,1,GOULDIAN FINCH
136,data\train\GOULDIAN FINCH\047.jpg,1,GOULDIAN FINCH
137,data\train\GOULDIAN FINCH\048.jpg,1,GOULDIAN FINCH
138,data\train\GOULDIAN FINCH\049.jpg,1,GOULDIAN FINCH
139,data\train\GOULDIAN FINCH\050.jpg,1,GOULDIAN FINCH
140,data\train\GOULDIAN FINCH\051.jpg,1,GOULDIAN FINCH
141,data\train\GOULDIAN FINCH\052.jpg,1,GOULDIAN FINCH
142,data\train\GOULDIAN FINCH\053.jpg,1,GOULDIAN FINCH
143,data\train\GOULDIAN FINCH\054.jpg,1,GOULDIAN FINCH
144,data\train\GOULDIAN FINCH\055.jpg,1,GOULDIAN FINCH
145,data\train\GOULDIAN FINCH\056.jpg,1,GOULDIAN FINCH
146,data\train\GOULDIAN FINCH\057.jpg,1,GOULDIAN FINCH
147,data\train\GOULDIAN FINCH\058.jpg,1,GOULDIAN FINCH
148,data\train\GOULDIAN FINCH\059.jpg,1,GOULDIAN FINCH
149,data\train\GOULDIAN FINCH\060.jpg,1,GOULDIAN FINCH
150,data\train\GOULDIAN FINCH\061.jpg,1,GOULDIAN FINCH
151,data\train\GOULDIAN FINCH\062.jpg,1,GOULDIAN FINCH
152,data\train\GOULDIAN FINCH\063.jpg,1,GOULDIAN FINCH
153,data\train\GOULDIAN FINCH\064.jpg,1,GOULDIAN FINCH
154,data\train\GOULDIAN FINCH\065.jpg,1,GOULDIAN FINCH
155,data\train\GOULDIAN FINCH\066.jpg,1,GOULDIAN FINCH
156,data\train\GOULDIAN FINCH\067.jpg,1,GOULDIAN FINCH
157,data\train\GOULDIAN FINCH\068.jpg,1,GOULDIAN FINCH
158,data\train\GOULDIAN FINCH\069.jpg,1,GOULDIAN FINCH
159,data\train\GOULDIAN FINCH\070.jpg,1,GOULDIAN FINCH
160,data\train\GOULDIAN FINCH\071.jpg,1,GOULDIAN FINCH
161,data\train\GOULDIAN FINCH\072.jpg,1,GOULDIAN FINCH
162,data\train\GOULDIAN FINCH\073.jpg,1,GOULDIAN FINCH
163,data\train\GOULDIAN FINCH\074.jpg,1,GOULDIAN FINCH
164,data\train\GOULDIAN FINCH\075.jpg,1,GOULDIAN FINCH
165,data\train\GOULDIAN FINCH\076.jpg,1,GOULDIAN FINCH
166,data\train\GOULDIAN FINCH\077.jpg,1,GOULDIAN FINCH
167,data\train\GOULDIAN FINCH\078.jpg,1,GOULDIAN FINCH
168,data\train\GOULDIAN FINCH\079.jpg,1,GOULDIAN FINCH
169,data\train\GOULDIAN FINCH\080.jpg,1,GOULDIAN FINCH
170,data\train\GOULDIAN FINCH\081.jpg,1,GOULDIAN FINCH
171,data\train\GOULDIAN FINCH\082.jpg,1,GOULDIAN FINCH
172,data\train\GOULDIAN FINCH\083.jpg,1,GOULDIAN FINCH
173,data\train\GOULDIAN FINCH\084.jpg,1,GOULDIAN FINCH
174,data\train\GOULDIAN FINCH\085.jpg,1,GOULDIAN FINCH
175,data\train\GOULDIAN FINCH\086.jpg,1,GOULDIAN FINCH
176,data\train\GOULDIAN FINCH\087.jpg,1,GOULDIAN FINCH
177,data\train\GOULDIAN FINCH\088.jpg,1,GOULDIAN FINCH
178,data\train\GOULDIAN FINCH\089.jpg,1,GOULDIAN FINCH
179,data\train\GOULDIAN FINCH\090.jpg,1,GOULDIAN FINCH
180,data\train\GOULDIAN FINCH\091.jpg,1,GOULDIAN FINCH
181,data\train\GOULDIAN FINCH\092.jpg,1,GOULDIAN FINCH
182,data\train\GOULDIAN FINCH\093.jpg,1,GOULDIAN FINCH
183,data\train\GOULDIAN FINCH\094.jpg,1,GOULDIAN FINCH
184,data\train\GOULDIAN FINCH\095.jpg,1,GOULDIAN FINCH
185,data\train\GOULDIAN FINCH\096.jpg,1,GOULDIAN FINCH
186,data\train\GOULDIAN FINCH\097.jpg,1,GOULDIAN FINCH
187,data\train\GOULDIAN FINCH\098.jpg,1,GOULDIAN FINCH
188,data\train\GOULDIAN FINCH\099.jpg,1,GOULDIAN FINCH
189,data\train\GOULDIAN FINCH\100.jpg,1,GOULDIAN FINCH
190,data\train\GOULDIAN FINCH\101.jpg,1,GOULDIAN FINCH
191,data\train\GOULDIAN FINCH\102.jpg,1,GOULDIAN FINCH
192,data\train\GOULDIAN FINCH\103.jpg,1,GOULDIAN FINCH
193,data\train\GOULDIAN FINCH\104.jpg,1,GOULDIAN FINCH
194,data\train\GOULDIAN FINCH\105.jpg,1,GOULDIAN FINCH
195,data\train\GOULDIAN FINCH\106.jpg,1,GOULDIAN FINCH
196,data\train\GOULDIAN FINCH\107.jpg,1,GOULDIAN FINCH
197,data\train\GOULDIAN FINCH\108.jpg,1,GOULDIAN FINCH
198,data\train\GOULDIAN FINCH\109.jpg,1,GOULDIAN FINCH
199,data\train\GOULDIAN FINCH\110.jpg,1,GOULDIAN FINCH
200,data\train\GOULDIAN FINCH\111.jpg,1,GOULDIAN FINCH
201,data\train\GOULDIAN FINCH\112.jpg,1,GOULDIAN FINCH
202,data\train\GOULDIAN FINCH\113.jpg,1,GOULDIAN FINCH
203,data\train\GOULDIAN FINCH\114.jpg,1,GOULDIAN FINCH
204,data\train\GOULDIAN FINCH\115.jpg,1,GOULDIAN FINCH
205,data\train\GOULDIAN FINCH\116.jpg,1,GOULDIAN FINCH
206,data\train\GOULDIAN FINCH\117.jpg,1,GOULDIAN FINCH
207,data\train\GOULDIAN FINCH\118.jpg,1,GOULDIAN FINCH
208,data\train\GOULDIAN FINCH\119.jpg,1,GOULDIAN FINCH
209,data\train\GOULDIAN FINCH\120.jpg,1,GOULDIAN FINCH
210,data\train\GOULDIAN FINCH\121.jpg,1,GOULDIAN FINCH
211,data\train\GOULDIAN FINCH\122.jpg,1,GOULDIAN FINCH
212,data\train\GOULDIAN FINCH\123.jpg,1,GOULDIAN FINCH
213,data\train\GOULDIAN FINCH\124.jpg,1,GOULDIAN FINCH
214,data\train\GOULDIAN FINCH\125.jpg,1,GOULDIAN FINCH
215,data\train\GOULDIAN FINCH\126.jpg,1,GOULDIAN FINCH
216,data\train\GOULDIAN FINCH\127.jpg,1,GOULDIAN FINCH
217,data\train\GOULDIAN FINCH\128.jpg,1,GOULDIAN FINCH
218,data\train\GOULDIAN FINCH\129.jpg,1,GOULDIAN FINCH
219,data\train\GOULDIAN FINCH\130.jpg,1,GOULDIAN FINCH
220,data\train\INDIGO BUNTING\021.jpg,2,INDIGO BUNTING
221,data\train\INDIGO BUNTING\022.jpg,2,INDIGO BUNTING
222,data\train\INDIGO BUNTING\023.jpg,2,INDIGO BUNTING
223,data\train\INDIGO BUNTING\024.jpg,2,INDIGO BUNTING
224,data\train\INDIGO BUNTING\025.jpg,2,INDIGO BUNTING
225,data\train\INDIGO BUNTING\026.jpg,2,INDIGO BUNTING
226,data\train\INDIGO BUNTING\027.jpg,2,INDIGO BUNTING
227,data\train\INDIGO BUNTING\028.jpg,2,INDIGO BUNTING
228,data\train\INDIGO BUNTING\029.jpg,2,INDIGO BUNTING
229,data\train\INDIGO BUNTING\030.jpg,2,INDIGO BUNTING
230,data\train\INDIGO BUNTING\031.jpg,2,INDIGO BUNTING
231,data\train\INDIGO BUNTING\032.jpg,2,INDIGO BUNTING
232,data\train\INDIGO BUNTING\033.jpg,2,INDIGO BUNTING
233,data\train\INDIGO BUNTING\034.jpg,2,INDIGO BUNTING
234,data\train\INDIGO BUNTING\035.jpg,2,INDIGO BUNTING
235,data\train\INDIGO BUNTING\036.jpg,2,INDIGO BUNTING
236,data\train\INDIGO BUNTING\037.jpg,2,INDIGO BUNTING
237,data\train\INDIGO BUNTING\038.jpg,2,INDIGO BUNTING
238,data\train\INDIGO BUNTING\039.jpg,2,INDIGO BUNTING
239,data\train\INDIGO BUNTING\040.jpg,2,INDIGO BUNTING
240,data\train\INDIGO BUNTING\041.jpg,2,INDIGO BUNTING
241,data\train\INDIGO BUNTING\042.jpg,2,INDIGO BUNTING
242,data\train\INDIGO BUNTING\043.jpg,2,INDIGO BUNTING
243,data\train\INDIGO BUNTING\044.jpg,2,INDIGO BUNTING
244,data\train\INDIGO BUNTING\045.jpg,2,INDIGO BUNTING
245,data\train\INDIGO BUNTING\046.jpg,2,INDIGO BUNTING
246,data\train\INDIGO BUNTING\047.jpg,2,INDIGO BUNTING
247,data\train\INDIGO BUNTING\048.jpg,2,INDIGO BUNTING
248,data\train\INDIGO BUNTING\049.jpg,2,INDIGO BUNTING
249,data\train\INDIGO BUNTING\050.jpg,2,INDIGO BUNTING
250,data\train\INDIGO BUNTING\051.jpg,2,INDIGO BUNTING
251,data\train\INDIGO BUNTING\052.jpg,2,INDIGO BUNTING
252,data\train\INDIGO BUNTING\053.jpg,2,INDIGO BUNTING
253,data\train\INDIGO BUNTING\054.jpg,2,INDIGO BUNTING
254,data\train\INDIGO BUNTING\055.jpg,2,INDIGO BUNTING
255,data\train\INDIGO BUNTING\056.jpg,2,INDIGO BUNTING
256,data\train\INDIGO BUNTING\057.jpg,2,INDIGO BUNTING
257,data\train\INDIGO BUNTING\058.jpg,2,INDIGO BUNTING
258,data\train\INDIGO BUNTING\059.jpg,2,INDIGO BUNTING
259,data\train\INDIGO BUNTING\060.jpg,2,INDIGO BUNTING
260,data\train\INDIGO BUNTING\061.jpg,2,INDIGO BUNTING
261,data\train\INDIGO BUNTING\062.jpg,2,INDIGO BUNTING
262,data\train\INDIGO BUNTING\063.jpg,2,INDIGO BUNTING
263,data\train\INDIGO BUNTING\064.jpg,2,INDIGO BUNTING
264,data\train\INDIGO BUNTING\065.jpg,2,INDIGO BUNTING
265,data\train\INDIGO BUNTING\066.jpg,2,INDIGO BUNTING
266,data\train\INDIGO BUNTING\067.jpg,2,INDIGO BUNTING
267,data\train\INDIGO BUNTING\068.jpg,2,INDIGO BUNTING
268,data\train\INDIGO BUNTING\069.jpg,2,INDIGO BUNTING
269,data\train\INDIGO BUNTING\070.jpg,2,INDIGO BUNTING
270,data\train\INDIGO BUNTING\071.jpg,2,INDIGO BUNTING
271,data\train\INDIGO BUNTING\072.jpg,2,INDIGO BUNTING
272,data\train\INDIGO BUNTING\073.jpg,2,INDIGO BUNTING
273,data\train\INDIGO BUNTING\074.jpg,2,INDIGO BUNTING
274,data\train\INDIGO BUNTING\075.jpg,2,INDIGO BUNTING
275,data\train\INDIGO BUNTING\076.jpg,2,INDIGO BUNTING
276,data\train\INDIGO BUNTING\077.jpg,2,INDIGO BUNTING
277,data\train\INDIGO BUNTING\078.jpg,2,INDIGO BUNTING
278,data\train\INDIGO BUNTING\079.jpg,2,INDIGO BUNTING
279,data\train\INDIGO BUNTING\080.jpg,2,INDIGO BUNTING
280,data\train\INDIGO BUNTING\081.jpg,2,INDIGO BUNTING
281,data\train\INDIGO BUNTING\082.jpg,2,INDIGO BUNTING
282,data\train\INDIGO BUNTING\083.jpg,2,INDIGO BUNTING
283,data\train\INDIGO BUNTING\084.jpg,2,INDIGO BUNTING
284,data\train\INDIGO BUNTING\085.jpg,2,INDIGO BUNTING
285,data\train\INDIGO BUNTING\086.jpg,2,INDIGO BUNTING
286,data\train\INDIGO BUNTING\087.jpg,2,INDIGO BUNTING
287,data\train\INDIGO BUNTING\088.jpg,2,INDIGO BUNTING
288,data\train\INDIGO BUNTING\089.jpg,2,INDIGO BUNTING
289,data\train\INDIGO BUNTING\090.jpg,2,INDIGO BUNTING
290,data\train\INDIGO BUNTING\091.jpg,2,INDIGO BUNTING
291,data\train\INDIGO BUNTING\092.jpg,2,INDIGO BUNTING
292,data\train\INDIGO BUNTING\093.jpg,2,INDIGO BUNTING
293,data\train\INDIGO BUNTING\094.jpg,2,INDIGO BUNTING
294,data\train\INDIGO BUNTING\095.jpg,2,INDIGO BUNTING
295,data\train\INDIGO BUNTING\096.jpg,2,INDIGO BUNTING
296,data\train\INDIGO BUNTING\097.jpg,2,INDIGO BUNTING
297,data\train\INDIGO BUNTING\098.jpg,2,INDIGO BUNTING
298,data\train\INDIGO BUNTING\099.jpg,2,INDIGO BUNTING
299,data\train\INDIGO BUNTING\100.jpg,2,INDIGO BUNTING
300,data\train\INDIGO BUNTING\101.jpg,2,INDIGO BUNTING
301,data\train\INDIGO BUNTING\102.jpg,2,INDIGO BUNTING
302,data\train\INDIGO BUNTING\103.jpg,2,INDIGO BUNTING
303,data\train\INDIGO BUNTING\104.jpg,2,INDIGO BUNTING
304,data\train\INDIGO BUNTING\105.jpg,2,INDIGO BUNTING
305,data\train\INDIGO BUNTING\106.jpg,2,INDIGO BUNTING
306,data\train\INDIGO BUNTING\107.jpg,2,INDIGO BUNTING
307,data\train\INDIGO BUNTING\108.jpg,2,INDIGO BUNTING
308,data\train\INDIGO BUNTING\109.jpg,2,INDIGO BUNTING
309,data\train\INDIGO BUNTING\110.jpg,2,INDIGO BUNTING
310,data\train\INDIGO BUNTING\111.jpg,2,INDIGO BUNTING
311,data\train\INDIGO BUNTING\112.jpg,2,INDIGO BUNTING
312,data\train\INDIGO BUNTING\113.jpg,2,INDIGO BUNTING
313,data\train\INDIGO BUNTING\114.jpg,2,INDIGO BUNTING
314,data\train\INDIGO BUNTING\115.jpg,2,INDIGO BUNTING
315,data\train\INDIGO BUNTING\116.jpg,2,INDIGO BUNTING
316,data\train\INDIGO BUNTING\117.jpg,2,INDIGO BUNTING
317,data\train\INDIGO BUNTING\118.jpg,2,INDIGO BUNTING
318,data\train\INDIGO BUNTING\119.jpg,2,INDIGO BUNTING
319,data\train\INDIGO BUNTING\120.jpg,2,INDIGO BUNTING
320,data\train\INDIGO BUNTING\121.jpg,2,INDIGO BUNTING
321,data\train\INDIGO BUNTING\122.jpg,2,INDIGO BUNTING
322,data\train\INDIGO BUNTING\123.jpg,2,INDIGO BUNTING
323,data\train\INDIGO BUNTING\124.jpg,2,INDIGO BUNTING
324,data\train\INDIGO BUNTING\125.jpg,2,INDIGO BUNTING
325,data\train\INDIGO BUNTING\126.jpg,2,INDIGO BUNTING
326,data\train\INDIGO BUNTING\127.jpg,2,INDIGO BUNTING
327,data\train\INDIGO BUNTING\128.jpg,2,INDIGO BUNTING
328,data\train\INDIGO BUNTING\129.jpg,2,INDIGO BUNTING
329,data\train\INDIGO BUNTING\130.jpg,2,INDIGO BUNTING
330,data\train\LILAC ROLLER\021.jpg,3,LILAC ROLLER
331,data\train\LILAC ROLLER\022.jpg,3,LILAC ROLLER
332,data\train\LILAC ROLLER\023.jpg,3,LILAC ROLLER
333,data\train\LILAC ROLLER\024.jpg,3,LILAC ROLLER
334,data\train\LILAC ROLLER\025.jpg,3,LILAC ROLLER
335,data\train\LILAC ROLLER\026.jpg,3,LILAC ROLLER
336,data\train\LILAC ROLLER\027.jpg,3,LILAC ROLLER
337,data\train\LILAC ROLLER\028.jpg,3,LILAC ROLLER
338,data\train\LILAC ROLLER\029.jpg,3,LILAC ROLLER
339,data\train\LILAC ROLLER\030.jpg,3,LILAC ROLLER
340,data\train\LILAC ROLLER\031.jpg,3,LILAC ROLLER
341,data\train\LILAC ROLLER\032.jpg,3,LILAC ROLLER
342,data\train\LILAC ROLLER\033.jpg,3,LILAC ROLLER
343,data\train\LILAC ROLLER\034.jpg,3,LILAC ROLLER
344,data\train\LILAC ROLLER\035.jpg,3,LILAC ROLLER
345,data\train\LILAC ROLLER\036.jpg,3,LILAC ROLLER
346,data\train\LILAC ROLLER\037.jpg,3,LILAC ROLLER
347,data\train\LILAC ROLLER\038.jpg,3,LILAC ROLLER
348,data\train\LILAC ROLLER\039.jpg,3,LILAC ROLLER
349,data\train\LILAC ROLLER\040.jpg,3,LILAC ROLLER
350,data\train\LILAC ROLLER\041.jpg,3,LILAC ROLLER
351,data\train\LILAC ROLLER\042.jpg,3,LILAC ROLLER
352,data\train\LILAC ROLLER\043.jpg,3,LILAC ROLLER
353,data\train\LILAC ROLLER\044.jpg,3,LILAC ROLLER
354,data\train\LILAC ROLLER\045.jpg,3,LILAC ROLLER
355,data\train\LILAC ROLLER\046.jpg,3,LILAC ROLLER
356,data\train\LILAC ROLLER\047.jpg,3,LILAC ROLLER
357,data\train\LILAC ROLLER\048.jpg,3,LILAC ROLLER
358,data\train\LILAC ROLLER\049.jpg,3,LILAC ROLLER
359,data\train\LILAC ROLLER\050.jpg,3,LILAC ROLLER
360,data\train\LILAC ROLLER\051.jpg,3,LILAC ROLLER
361,data\train\LILAC ROLLER\052.jpg,3,LILAC ROLLER
362,data\train\LILAC ROLLER\053.jpg,3,LILAC ROLLER
363,data\train\LILAC ROLLER\054.jpg,3,LILAC ROLLER
364,data\train\LILAC ROLLER\055.jpg,3,LILAC ROLLER
365,data\train\LILAC ROLLER\056.jpg,3,LILAC ROLLER
366,data\train\LILAC ROLLER\057.jpg,3,LILAC ROLLER
367,data\train\LILAC ROLLER\058.jpg,3,LILAC ROLLER
368,data\train\LILAC ROLLER\059.jpg,3,LILAC ROLLER
369,data\train\LILAC ROLLER\060.jpg,3,LILAC ROLLER
370,data\train\LILAC ROLLER\061.jpg,3,LILAC ROLLER
371,data\train\LILAC ROLLER\062.jpg,3,LILAC ROLLER
372,data\train\LILAC ROLLER\063.jpg,3,LILAC ROLLER
373,data\train\LILAC ROLLER\064.jpg,3,LILAC ROLLER
374,data\train\LILAC ROLLER\065.jpg,3,LILAC ROLLER
375,data\train\LILAC ROLLER\066.jpg,3,LILAC ROLLER
376,data\train\LILAC ROLLER\067.jpg,3,LILAC ROLLER
377,data\train\LILAC ROLLER\068.jpg,3,LILAC ROLLER
378,data\train\LILAC ROLLER\069.jpg,3,LILAC ROLLER
379,data\train\LILAC ROLLER\070.jpg,3,LILAC ROLLER
380,data\train\LILAC ROLLER\071.jpg,3,LILAC ROLLER
381,data\train\LILAC ROLLER\072.jpg,3,LILAC ROLLER
382,data\train\LILAC ROLLER\073.jpg,3,LILAC ROLLER
383,data\train\LILAC ROLLER\074.jpg,3,LILAC ROLLER
384,data\train\LILAC ROLLER\075.jpg,3,LILAC ROLLER
385,data\train\LILAC ROLLER\076.jpg,3,LILAC ROLLER
386,data\train\LILAC ROLLER\077.jpg,3,LILAC ROLLER
387,data\train\LILAC ROLLER\078.jpg,3,LILAC ROLLER
388,data\train\LILAC ROLLER\079.jpg,3,LILAC ROLLER
389,data\train\LILAC ROLLER\080.jpg,3,LILAC ROLLER
390,data\train\LILAC ROLLER\081.jpg,3,LILAC ROLLER
391,data\train\LILAC ROLLER\082.jpg,3,LILAC ROLLER
392,data\train\LILAC ROLLER\083.jpg,3,LILAC ROLLER
393,data\train\LILAC ROLLER\084.jpg,3,LILAC ROLLER
394,data\train\LILAC ROLLER\085.jpg,3,LILAC ROLLER
395,data\train\LILAC ROLLER\086.jpg,3,LILAC ROLLER
396,data\train\LILAC ROLLER\087.jpg,3,LILAC ROLLER
397,data\train\LILAC ROLLER\088.jpg,3,LILAC ROLLER
398,data\train\LILAC ROLLER\089.jpg,3,LILAC ROLLER
399,data\train\LILAC ROLLER\090.jpg,3,LILAC ROLLER
400,data\train\LILAC ROLLER\091.jpg,3,LILAC ROLLER
401,data\train\LILAC ROLLER\092.jpg,3,LILAC ROLLER
402,data\train\LILAC ROLLER\093.jpg,3,LILAC ROLLER
403,data\train\LILAC ROLLER\094.jpg,3,LILAC ROLLER
404,data\train\LILAC ROLLER\095.jpg,3,LILAC ROLLER
405,data\train\LILAC ROLLER\096.jpg,3,LILAC ROLLER
406,data\train\LILAC ROLLER\097.jpg,3,LILAC ROLLER
407,data\train\LILAC ROLLER\098.jpg,3,LILAC ROLLER
408,data\train\LILAC ROLLER\099.jpg,3,LILAC ROLLER
409,data\train\LILAC ROLLER\100.jpg,3,LILAC ROLLER
410,data\train\LILAC ROLLER\101.jpg,3,LILAC ROLLER
411,data\train\LILAC ROLLER\102.jpg,3,LILAC ROLLER
412,data\train\LILAC ROLLER\103.jpg,3,LILAC ROLLER
413,data\train\LILAC ROLLER\104.jpg,3,LILAC ROLLER
414,data\train\LILAC ROLLER\105.jpg,3,LILAC ROLLER
415,data\train\LILAC ROLLER\106.jpg,3,LILAC ROLLER
416,data\train\LILAC ROLLER\107.jpg,3,LILAC ROLLER
417,data\train\LILAC ROLLER\108.jpg,3,LILAC ROLLER
418,data\train\LILAC ROLLER\109.jpg,3,LILAC ROLLER
419,data\train\LILAC ROLLER\110.jpg,3,LILAC ROLLER
420,data\train\LILAC ROLLER\111.jpg,3,LILAC ROLLER
421,data\train\LILAC ROLLER\112.jpg,3,LILAC ROLLER
422,data\train\LILAC ROLLER\113.jpg,3,LILAC ROLLER
423,data\train\LILAC ROLLER\114.jpg,3,LILAC ROLLER
424,data\train\LILAC ROLLER\115.jpg,3,LILAC ROLLER
425,data\train\LILAC ROLLER\117.jpg,3,LILAC ROLLER
426,data\train\LILAC ROLLER\118.jpg,3,LILAC ROLLER
427,data\train\LILAC ROLLER\119.jpg,3,LILAC ROLLER
428,data\train\LILAC ROLLER\120.jpg,3,LILAC ROLLER
429,data\train\LILAC ROLLER\121.jpg,3,LILAC ROLLER
430,data\train\LILAC ROLLER\122.jpg,3,LILAC ROLLER
431,data\train\LILAC ROLLER\123.jpg,3,LILAC ROLLER
432,data\train\LILAC ROLLER\124.jpg,3,LILAC ROLLER
433,data\train\LILAC ROLLER\125.jpg,3,LILAC ROLLER
434,data\train\LILAC ROLLER\126.jpg,3,LILAC ROLLER
435,data\train\LILAC ROLLER\127.jpg,3,LILAC ROLLER
436,data\train\LILAC ROLLER\128.jpg,3,LILAC ROLLER
437,data\train\LILAC ROLLER\129.jpg,3,LILAC ROLLER
438,data\train\LILAC ROLLER\130.jpg,3,LILAC ROLLER
439,data\train\LILAC ROLLER\131.jpg,3,LILAC ROLLER
440,data\train\MALACHITE KINGFISHER\021.jpg,4,MALACHITE KINGFISHER
441,data\train\MALACHITE KINGFISHER\022.jpg,4,MALACHITE KINGFISHER
442,data\train\MALACHITE KINGFISHER\023.jpg,4,MALACHITE KINGFISHER
443,data\train\MALACHITE KINGFISHER\024.jpg,4,MALACHITE KINGFISHER
444,data\train\MALACHITE KINGFISHER\025.jpg,4,MALACHITE KINGFISHER
445,data\train\MALACHITE KINGFISHER\026.jpg,4,MALACHITE KINGFISHER
446,data\train\MALACHITE KINGFISHER\027.jpg,4,MALACHITE KINGFISHER
447,data\train\MALACHITE KINGFISHER\028.jpg,4,MALACHITE KINGFISHER
448,data\train\MALACHITE KINGFISHER\029.jpg,4,MALACHITE KINGFISHER
449,data\train\MALACHITE KINGFISHER\030.jpg,4,MALACHITE KINGFISHER
450,data\train\MALACHITE KINGFISHER\031.jpg,4,MALACHITE KINGFISHER
451,data\train\MALACHITE KINGFISHER\032.jpg,4,MALACHITE KINGFISHER
452,data\train\MALACHITE KINGFISHER\033.jpg,4,MALACHITE KINGFISHER
453,data\train\MALACHITE KINGFISHER\034.jpg,4,MALACHITE KINGFISHER
454,data\train\MALACHITE KINGFISHER\035.jpg,4,MALACHITE KINGFISHER
455,data\train\MALACHITE KINGFISHER\036.jpg,4,MALACHITE KINGFISHER
456,data\train\MALACHITE KINGFISHER\037.jpg,4,MALACHITE KINGFISHER
457,data\train\MALACHITE KINGFISHER\038.jpg,4,MALACHITE KINGFISHER
458,data\train\MALACHITE KINGFISHER\039.jpg,4,MALACHITE KINGFISHER
459,data\train\MALACHITE KINGFISHER\040.jpg,4,MALACHITE KINGFISHER
460,data\train\MALACHITE KINGFISHER\041.jpg,4,MALACHITE KINGFISHER
461,data\train\MALACHITE KINGFISHER\042.jpg,4,MALACHITE KINGFISHER
462,data\train\MALACHITE KINGFISHER\043.jpg,4,MALACHITE KINGFISHER
463,data\train\MALACHITE KINGFISHER\044.jpg,4,MALACHITE KINGFISHER
464,data\train\MALACHITE KINGFISHER\045.jpg,4,MALACHITE KINGFISHER
465,data\train\MALACHITE KINGFISHER\046.jpg,4,MALACHITE KINGFISHER
466,data\train\MALACHITE KINGFISHER\047.jpg,4,MALACHITE KINGFISHER
467,data\train\MALACHITE KINGFISHER\048.jpg,4,MALACHITE KINGFISHER
468,data\train\MALACHITE KINGFISHER\049.jpg,4,MALACHITE KINGFISHER
469,data\train\MALACHITE KINGFISHER\050.jpg,4,MALACHITE KINGFISHER
470,data\train\MALACHITE KINGFISHER\051.jpg,4,MALACHITE KINGFISHER
471,data\train\MALACHITE KINGFISHER\052.jpg,4,MALACHITE KINGFISHER
472,data\train\MALACHITE KINGFISHER\053.jpg,4,MALACHITE KINGFISHER
473,data\train\MALACHITE KINGFISHER\054.jpg,4,MALACHITE KINGFISHER
474,data\train\MALACHITE KINGFISHER\055.jpg,4,MALACHITE KINGFISHER
475,data\train\MALACHITE KINGFISHER\056.jpg,4,MALACHITE KINGFISHER
476,data\train\MALACHITE KINGFISHER\057.jpg,4,MALACHITE KINGFISHER
477,data\train\MALACHITE KINGFISHER\058.jpg,4,MALACHITE KINGFISHER
478,data\train\MALACHITE KINGFISHER\059.jpg,4,MALACHITE KINGFISHER
479,data\train\MALACHITE KINGFISHER\060.jpg,4,MALACHITE KINGFISHER
480,data\train\MALACHITE KINGFISHER\061.jpg,4,MALACHITE KINGFISHER
481,data\train\MALACHITE KINGFISHER\062.jpg,4,MALACHITE KINGFISHER
482,data\train\MALACHITE KINGFISHER\063.jpg,4,MALACHITE KINGFISHER
483,data\train\MALACHITE KINGFISHER\064.jpg,4,MALACHITE KINGFISHER
484,data\train\MALACHITE KINGFISHER\065.jpg,4,MALACHITE KINGFISHER
485,data\train\MALACHITE KINGFISHER\066.jpg,4,MALACHITE KINGFISHER
486,data\train\MALACHITE KINGFISHER\067.jpg,4,MALACHITE KINGFISHER
487,data\train\MALACHITE KINGFISHER\068.jpg,4,MALACHITE KINGFISHER
488,data\train\MALACHITE KINGFISHER\069.jpg,4,MALACHITE KINGFISHER
489,data\train\MALACHITE KINGFISHER\070.jpg,4,MALACHITE KINGFISHER
490,data\train\MALACHITE KINGFISHER\071.jpg,4,MALACHITE KINGFISHER
491,data\train\MALACHITE KINGFISHER\072.jpg,4,MALACHITE KINGFISHER
492,data\train\MALACHITE KINGFISHER\073.jpg,4,MALACHITE KINGFISHER
493,data\train\MALACHITE KINGFISHER\074.jpg,4,MALACHITE KINGFISHER
494,data\train\MALACHITE KINGFISHER\075.jpg,4,MALACHITE KINGFISHER
495,data\train\MALACHITE KINGFISHER\076.jpg,4,MALACHITE KINGFISHER
496,data\train\MALACHITE KINGFISHER\077.jpg,4,MALACHITE KINGFISHER
497,data\train\MALACHITE KINGFISHER\078.jpg,4,MALACHITE KINGFISHER
498,data\train\MALACHITE KINGFISHER\079.jpg,4,MALACHITE KINGFISHER
499,data\train\MALACHITE KINGFISHER\080.jpg,4,MALACHITE KINGFISHER
500,data\train\MALACHITE KINGFISHER\081.jpg,4,MALACHITE KINGFISHER
501,data\train\MALACHITE KINGFISHER\082.jpg,4,MALACHITE KINGFISHER
502,data\train\MALACHITE KINGFISHER\083.jpg,4,MALACHITE KINGFISHER
503,data\train\MALACHITE KINGFISHER\084.jpg,4,MALACHITE KINGFISHER
504,data\train\MALACHITE KINGFISHER\085.jpg,4,MALACHITE KINGFISHER
505,data\train\MALACHITE KINGFISHER\086.jpg,4,MALACHITE KINGFISHER
506,data\train\MALACHITE KINGFISHER\087.jpg,4,MALACHITE KINGFISHER
507,data\train\MALACHITE KINGFISHER\088.jpg,4,MALACHITE KINGFISHER
508,data\train\MALACHITE KINGFISHER\089.jpg,4,MALACHITE KINGFISHER
509,data\train\MALACHITE KINGFISHER\090.jpg,4,MALACHITE KINGFISHER
510,data\train\MALACHITE KINGFISHER\091.jpg,4,MALACHITE KINGFISHER
511,data\train\MALACHITE KINGFISHER\092.jpg,4,MALACHITE KINGFISHER
512,data\train\MALACHITE KINGFISHER\093.jpg,4,MALACHITE KINGFISHER
513,data\train\MALACHITE KINGFISHER\094.jpg,4,MALACHITE KINGFISHER
514,data\train\MALACHITE KINGFISHER\095.jpg,4,MALACHITE KINGFISHER
515,data\train\MALACHITE KINGFISHER\096.jpg,4,MALACHITE KINGFISHER
516,data\train\MALACHITE KINGFISHER\097.jpg,4,MALACHITE KINGFISHER
517,data\train\MALACHITE KINGFISHER\098.jpg,4,MALACHITE KINGFISHER
518,data\train\MALACHITE KINGFISHER\099.jpg,4,MALACHITE KINGFISHER
519,data\train\MALACHITE KINGFISHER\100.jpg,4,MALACHITE KINGFISHER
520,data\train\MALACHITE KINGFISHER\101.jpg,4,MALACHITE KINGFISHER
521,data\train\MALACHITE KINGFISHER\102.jpg,4,MALACHITE KINGFISHER
522,data\train\MALACHITE KINGFISHER\103.jpg,4,MALACHITE KINGFISHER
523,data\train\MALACHITE KINGFISHER\104.jpg,4,MALACHITE KINGFISHER
524,data\train\MALACHITE KINGFISHER\105.jpg,4,MALACHITE KINGFISHER
525,data\train\MALACHITE KINGFISHER\106.jpg,4,MALACHITE KINGFISHER
526,data\train\MALACHITE KINGFISHER\107.jpg,4,MALACHITE KINGFISHER
527,data\train\MALACHITE KINGFISHER\108.jpg,4,MALACHITE KINGFISHER
528,data\train\MALACHITE KINGFISHER\109.jpg,4,MALACHITE KINGFISHER
529,data\train\MALACHITE KINGFISHER\110.jpg,4,MALACHITE KINGFISHER
530,data\train\MALACHITE KINGFISHER\111.jpg,4,MALACHITE KINGFISHER
531,data\train\MALACHITE KINGFISHER\112.jpg,4,MALACHITE KINGFISHER
532,data\train\MALACHITE KINGFISHER\113.jpg,4,MALACHITE KINGFISHER
533,data\train\MALACHITE KINGFISHER\114.jpg,4,MALACHITE KINGFISHER
534,data\train\MALACHITE KINGFISHER\115.jpg,4,MALACHITE KINGFISHER
535,data\train\MALACHITE KINGFISHER\116.jpg,4,MALACHITE KINGFISHER
536,data\train\MALACHITE KINGFISHER\117.jpg,4,MALACHITE KINGFISHER
537,data\train\MALACHITE KINGFISHER\118.jpg,4,MALACHITE KINGFISHER
538,data\train\MALACHITE KINGFISHER\119.jpg,4,MALACHITE KINGFISHER
539,data\train\MALACHITE KINGFISHER\120.jpg,4,MALACHITE KINGFISHER
540,data\train\MALACHITE KINGFISHER\121.jpg,4,MALACHITE KINGFISHER
541,data\train\MALACHITE KINGFISHER\122.jpg,4,MALACHITE KINGFISHER
542,data\train\MALACHITE KINGFISHER\123.jpg,4,MALACHITE KINGFISHER
543,data\train\MALACHITE KINGFISHER\124.jpg,4,MALACHITE KINGFISHER
544,data\train\MALACHITE KINGFISHER\125.jpg,4,MALACHITE KINGFISHER
545,data\train\MALACHITE KINGFISHER\126.jpg,4,MALACHITE KINGFISHER
546,data\train\MALACHITE KINGFISHER\127.jpg,4,MALACHITE KINGFISHER
547,data\train\MALACHITE KINGFISHER\128.jpg,4,MALACHITE KINGFISHER
548,data\train\MALACHITE KINGFISHER\129.jpg,4,MALACHITE KINGFISHER
549,data\train\MALACHITE KINGFISHER\130.jpg,4,MALACHITE KINGFISHER
550,data\train\NICOBAR PIGEON\021.jpg,5,NICOBAR PIGEON
551,data\train\NICOBAR PIGEON\022.jpg,5,NICOBAR PIGEON
552,data\train\NICOBAR PIGEON\023.jpg,5,NICOBAR PIGEON
553,data\train\NICOBAR PIGEON\024.jpg,5,NICOBAR PIGEON
554,data\train\NICOBAR PIGEON\025.jpg,5,NICOBAR PIGEON
555,data\train\NICOBAR PIGEON\026.jpg,5,NICOBAR PIGEON
556,data\train\NICOBAR PIGEON\027.jpg,5,NICOBAR PIGEON
557,data\train\NICOBAR PIGEON\028.jpg,5,NICOBAR PIGEON
558,data\train\NICOBAR PIGEON\029.jpg,5,NICOBAR PIGEON
559,data\train\NICOBAR PIGEON\030.jpg,5,NICOBAR PIGEON
560,data\train\NICOBAR PIGEON\031.jpg,5,NICOBAR PIGEON
561,data\train\NICOBAR PIGEON\032.jpg,5,NICOBAR PIGEON
562,data\train\NICOBAR PIGEON\033.jpg,5,NICOBAR PIGEON
563,data\train\NICOBAR PIGEON\034.jpg,5,NICOBAR PIGEON
564,data\train\NICOBAR PIGEON\035.jpg,5,NICOBAR PIGEON
565,data\train\NICOBAR PIGEON\036.jpg,5,NICOBAR PIGEON
566,data\train\NICOBAR PIGEON\037.jpg,5,NICOBAR PIGEON
567,data\train\NICOBAR PIGEON\038.jpg,5,NICOBAR PIGEON
568,data\train\NICOBAR PIGEON\039.jpg,5,NICOBAR PIGEON
569,data\train\NICOBAR PIGEON\040.jpg,5,NICOBAR PIGEON
570,data\train\NICOBAR PIGEON\041.jpg,5,NICOBAR PIGEON
571,data\train\NICOBAR PIGEON\042.jpg,5,NICOBAR PIGEON
572,data\train\NICOBAR PIGEON\043.jpg,5,NICOBAR PIGEON
573,data\train\NICOBAR PIGEON\044.jpg,5,NICOBAR PIGEON
574,data\train\NICOBAR PIGEON\045.jpg,5,NICOBAR PIGEON
575,data\train\NICOBAR PIGEON\046.jpg,5,NICOBAR PIGEON
576,data\train\NICOBAR PIGEON\047.jpg,5,NICOBAR PIGEON
577,data\train\NICOBAR PIGEON\048.jpg,5,NICOBAR PIGEON
578,data\train\NICOBAR PIGEON\049.jpg,5,NICOBAR PIGEON
579,data\train\NICOBAR PIGEON\050.jpg,5,NICOBAR PIGEON
580,data\train\NICOBAR PIGEON\051.jpg,5,NICOBAR PIGEON
581,data\train\NICOBAR PIGEON\052.jpg,5,NICOBAR PIGEON
582,data\train\NICOBAR PIGEON\053.jpg,5,NICOBAR PIGEON
583,data\train\NICOBAR PIGEON\054.jpg,5,NICOBAR PIGEON
584,data\train\NICOBAR PIGEON\055.jpg,5,NICOBAR PIGEON
585,data\train\NICOBAR PIGEON\056.jpg,5,NICOBAR PIGEON
586,data\train\NICOBAR PIGEON\057.jpg,5,NICOBAR PIGEON
587,data\train\NICOBAR PIGEON\058.jpg,5,NICOBAR PIGEON
588,data\train\NICOBAR PIGEON\059.jpg,5,NICOBAR PIGEON
589,data\train\NICOBAR PIGEON\060.jpg,5,NICOBAR PIGEON
590,data\train\NICOBAR PIGEON\061.jpg,5,NICOBAR PIGEON
591,data\train\NICOBAR PIGEON\062.jpg,5,NICOBAR PIGEON
592,data\train\NICOBAR PIGEON\063.jpg,5,NICOBAR PIGEON
593,data\train\NICOBAR PIGEON\064.jpg,5,NICOBAR PIGEON
594,data\train\NICOBAR PIGEON\065.jpg,5,NICOBAR PIGEON
595,data\train\NICOBAR PIGEON\066.jpg,5,NICOBAR PIGEON
596,data\train\NICOBAR PIGEON\067.jpg,5,NICOBAR PIGEON
597,data\train\NICOBAR PIGEON\068.jpg,5,NICOBAR PIGEON
598,data\train\NICOBAR PIGEON\069.jpg,5,NICOBAR PIGEON
599,data\train\NICOBAR PIGEON\070.jpg,5,NICOBAR PIGEON
600,data\train\NICOBAR PIGEON\071.jpg,5,NICOBAR PIGEON
601,data\train\NICOBAR PIGEON\072.jpg,5,NICOBAR PIGEON
602,data\train\NICOBAR PIGEON\073.jpg,5,NICOBAR PIGEON
603,data\train\NICOBAR PIGEON\074.jpg,5,NICOBAR PIGEON
604,data\train\NICOBAR PIGEON\075.jpg,5,NICOBAR PIGEON
605,data\train\NICOBAR PIGEON\076.jpg,5,NICOBAR PIGEON
606,data\train\NICOBAR PIGEON\077.jpg,5,NICOBAR PIGEON
607,data\train\NICOBAR PIGEON\078.jpg,5,NICOBAR PIGEON
608,data\train\NICOBAR PIGEON\079.jpg,5,NICOBAR PIGEON
609,data\train\NICOBAR PIGEON\080.jpg,5,NICOBAR PIGEON
610,data\train\NICOBAR PIGEON\081.jpg,5,NICOBAR PIGEON
611,data\train\NICOBAR PIGEON\082.jpg,5,NICOBAR PIGEON
612,data\train\NICOBAR PIGEON\083.jpg,5,NICOBAR PIGEON
613,data\train\NICOBAR PIGEON\084.jpg,5,NICOBAR PIGEON
614,data\train\NICOBAR PIGEON\085.jpg,5,NICOBAR PIGEON
615,data\train\NICOBAR PIGEON\086.jpg,5,NICOBAR PIGEON
616,data\train\NICOBAR PIGEON\087.jpg,5,NICOBAR PIGEON
617,data\train\NICOBAR PIGEON\088.jpg,5,NICOBAR PIGEON
618,data\train\NICOBAR PIGEON\090.jpg,5,NICOBAR PIGEON
619,data\train\NICOBAR PIGEON\091.jpg,5,NICOBAR PIGEON
620,data\train\NICOBAR PIGEON\092.jpg,5,NICOBAR PIGEON
621,data\train\NICOBAR PIGEON\093.jpg,5,NICOBAR PIGEON
622,data\train\NICOBAR PIGEON\094.jpg,5,NICOBAR PIGEON
623,data\train\NICOBAR PIGEON\095.jpg,5,NICOBAR PIGEON
624,data\train\NICOBAR PIGEON\096.jpg,5,NICOBAR PIGEON
625,data\train\NICOBAR PIGEON\097.jpg,5,NICOBAR PIGEON
626,data\train\NICOBAR PIGEON\098.jpg,5,NICOBAR PIGEON
627,data\train\NICOBAR PIGEON\099.jpg,5,NICOBAR PIGEON
628,data\train\NICOBAR PIGEON\100.jpg,5,NICOBAR PIGEON
629,data\train\NICOBAR PIGEON\101.jpg,5,NICOBAR PIGEON
630,data\train\NICOBAR PIGEON\102.jpg,5,NICOBAR PIGEON
631,data\train\NICOBAR PIGEON\103.jpg,5,NICOBAR PIGEON
632,data\train\NICOBAR PIGEON\104.jpg,5,NICOBAR PIGEON
633,data\train\NICOBAR PIGEON\105.jpg,5,NICOBAR PIGEON
634,data\train\NICOBAR PIGEON\106.jpg,5,NICOBAR PIGEON
635,data\train\NICOBAR PIGEON\107.jpg,5,NICOBAR PIGEON
636,data\train\NICOBAR PIGEON\108.jpg,5,NICOBAR PIGEON
637,data\train\NICOBAR PIGEON\109.jpg,5,NICOBAR PIGEON
638,data\train\NICOBAR PIGEON\110.jpg,5,NICOBAR PIGEON
639,data\train\NICOBAR PIGEON\111.jpg,5,NICOBAR PIGEON
640,data\train\NICOBAR PIGEON\112.jpg,5,NICOBAR PIGEON
641,data\train\NICOBAR PIGEON\113.jpg,5,NICOBAR PIGEON
642,data\train\NICOBAR PIGEON\114.jpg,5,NICOBAR PIGEON
643,data\train\NICOBAR PIGEON\115.jpg,5,NICOBAR PIGEON
644,data\train\NICOBAR PIGEON\116.jpg,5,NICOBAR PIGEON
645,data\train\NICOBAR PIGEON\117.jpg,5,NICOBAR PIGEON
646,data\train\NICOBAR PIGEON\118.jpg,5,NICOBAR PIGEON
647,data\train\NICOBAR PIGEON\119.jpg,5,NICOBAR PIGEON
648,data\train\NICOBAR PIGEON\120.jpg,5,NICOBAR PIGEON
649,data\train\NICOBAR PIGEON\121.jpg,5,NICOBAR PIGEON
650,data\train\NICOBAR PIGEON\122.jpg,5,NICOBAR PIGEON
651,data\train\NICOBAR PIGEON\123.jpg,5,NICOBAR PIGEON
652,data\train\NICOBAR PIGEON\124.jpg,5,NICOBAR PIGEON
653,data\train\NICOBAR PIGEON\125.jpg,5,NICOBAR PIGEON
654,data\train\NICOBAR PIGEON\126.jpg,5,NICOBAR PIGEON
655,data\train\NICOBAR PIGEON\127.jpg,5,NICOBAR PIGEON
656,data\train\NICOBAR PIGEON\128.jpg,5,NICOBAR PIGEON
657,data\train\NICOBAR PIGEON\129.jpg,5,NICOBAR PIGEON
658,data\train\NICOBAR PIGEON\130.jpg,5,NICOBAR PIGEON
659,data\train\NICOBAR PIGEON\131.jpg,5,NICOBAR PIGEON
660,data\train\PAINTED BUNTIG\021.jpg,6,PAINTED BUNTIG
661,data\train\PAINTED BUNTIG\022.jpg,6,PAINTED BUNTIG
662,data\train\PAINTED BUNTIG\023.jpg,6,PAINTED BUNTIG
663,data\train\PAINTED BUNTIG\024.jpg,6,PAINTED BUNTIG
664,data\train\PAINTED BUNTIG\025.jpg,6,PAINTED BUNTIG
665,data\train\PAINTED BUNTIG\026.jpg,6,PAINTED BUNTIG
666,data\train\PAINTED BUNTIG\027.jpg,6,PAINTED BUNTIG
667,data\train\PAINTED BUNTIG\028.jpg,6,PAINTED BUNTIG
668,data\train\PAINTED BUNTIG\029.jpg,6,PAINTED BUNTIG
669,data\train\PAINTED BUNTIG\030.jpg,6,PAINTED BUNTIG
670,data\train\PAINTED BUNTIG\031.jpg,6,PAINTED BUNTIG
671,data\train\PAINTED BUNTIG\032.jpg,6,PAINTED BUNTIG
672,data\train\PAINTED BUNTIG\033.jpg,6,PAINTED BUNTIG
673,data\train\PAINTED BUNTIG\034.jpg,6,PAINTED BUNTIG
674,data\train\PAINTED BUNTIG\035.jpg,6,PAINTED BUNTIG
675,data\train\PAINTED BUNTIG\036.jpg,6,PAINTED BUNTIG
676,data\train\PAINTED BUNTIG\037.jpg,6,PAINTED BUNTIG
677,data\train\PAINTED BUNTIG\038.jpg,6,PAINTED BUNTIG
678,data\train\PAINTED BUNTIG\039.jpg,6,PAINTED BUNTIG
679,data\train\PAINTED BUNTIG\040.jpg,6,PAINTED BUNTIG
680,data\train\PAINTED BUNTIG\041.jpg,6,PAINTED BUNTIG
681,data\train\PAINTED BUNTIG\042.jpg,6,PAINTED BUNTIG
682,data\train\PAINTED BUNTIG\043.jpg,6,PAINTED BUNTIG
683,data\train\PAINTED BUNTIG\044.jpg,6,PAINTED BUNTIG
684,data\train\PAINTED BUNTIG\045.jpg,6,PAINTED BUNTIG
685,data\train\PAINTED BUNTIG\046.jpg,6,PAINTED BUNTIG
686,data\train\PAINTED BUNTIG\047.jpg,6,PAINTED BUNTIG
687,data\train\PAINTED BUNTIG\048.jpg,6,PAINTED BUNTIG
688,data\train\PAINTED BUNTIG\049.jpg,6,PAINTED BUNTIG
689,data\train\PAINTED BUNTIG\050.jpg,6,PAINTED BUNTIG
690,data\train\PAINTED BUNTIG\051.jpg,6,PAINTED BUNTIG
691,data\train\PAINTED BUNTIG\052.jpg,6,PAINTED BUNTIG
692,data\train\PAINTED BUNTIG\053.jpg,6,PAINTED BUNTIG
693,data\train\PAINTED BUNTIG\054.jpg,6,PAINTED BUNTIG
694,data\train\PAINTED BUNTIG\055.jpg,6,PAINTED BUNTIG
695,data\train\PAINTED BUNTIG\056.jpg,6,PAINTED BUNTIG
696,data\train\PAINTED BUNTIG\057.jpg,6,PAINTED BUNTIG
697,data\train\PAINTED BUNTIG\058.jpg,6,PAINTED BUNTIG
698,data\train\PAINTED BUNTIG\059.jpg,6,PAINTED BUNTIG
699,data\train\PAINTED BUNTIG\060.jpg,6,PAINTED BUNTIG
700,data\train\PAINTED BUNTIG\061.jpg,6,PAINTED BUNTIG
701,data\train\PAINTED BUNTIG\062.jpg,6,PAINTED BUNTIG
702,data\train\PAINTED BUNTIG\063.jpg,6,PAINTED BUNTIG
703,data\train\PAINTED BUNTIG\064.jpg,6,PAINTED BUNTIG
704,data\train\PAINTED BUNTIG\065.jpg,6,PAINTED BUNTIG
705,data\train\PAINTED BUNTIG\066.jpg,6,PAINTED BUNTIG
706,data\train\PAINTED BUNTIG\067.jpg,6,PAINTED BUNTIG
707,data\train\PAINTED BUNTIG\068.jpg,6,PAINTED BUNTIG
708,data\train\PAINTED BUNTIG\069.jpg,6,PAINTED BUNTIG
709,data\train\PAINTED BUNTIG\070.jpg,6,PAINTED BUNTIG
710,data\train\PAINTED BUNTIG\071.jpg,6,PAINTED BUNTIG
711,data\train\PAINTED BUNTIG\072.jpg,6,PAINTED BUNTIG
712,data\train\PAINTED BUNTIG\073.jpg,6,PAINTED BUNTIG
713,data\train\PAINTED BUNTIG\074.jpg,6,PAINTED BUNTIG
714,data\train\PAINTED BUNTIG\075.jpg,6,PAINTED BUNTIG
715,data\train\PAINTED BUNTIG\076.jpg,6,PAINTED BUNTIG
716,data\train\PAINTED BUNTIG\077.jpg,6,PAINTED BUNTIG
717,data\train\PAINTED BUNTIG\078.jpg,6,PAINTED BUNTIG
718,data\train\PAINTED BUNTIG\079.jpg,6,PAINTED BUNTIG
719,data\train\PAINTED BUNTIG\080.jpg,6,PAINTED BUNTIG
720,data\train\PAINTED BUNTIG\081.jpg,6,PAINTED BUNTIG
721,data\train\PAINTED BUNTIG\082.jpg,6,PAINTED BUNTIG
722,data\train\PAINTED BUNTIG\083.jpg,6,PAINTED BUNTIG
723,data\train\PAINTED BUNTIG\084.jpg,6,PAINTED BUNTIG
724,data\train\PAINTED BUNTIG\085.jpg,6,PAINTED BUNTIG
725,data\train\PAINTED BUNTIG\086.jpg,6,PAINTED BUNTIG
726,data\train\PAINTED BUNTIG\087.jpg,6,PAINTED BUNTIG
727,data\train\PAINTED BUNTIG\088.jpg,6,PAINTED BUNTIG
728,data\train\PAINTED BUNTIG\089.jpg,6,PAINTED BUNTIG
729,data\train\PAINTED BUNTIG\090.jpg,6,PAINTED BUNTIG
730,data\train\PAINTED BUNTIG\091.jpg,6,PAINTED BUNTIG
731,data\train\PAINTED BUNTIG\092.jpg,6,PAINTED BUNTIG
732,data\train\PAINTED BUNTIG\093.jpg,6,PAINTED BUNTIG
733,data\train\PAINTED BUNTIG\094.jpg,6,PAINTED BUNTIG
734,data\train\PAINTED BUNTIG\095.jpg,6,PAINTED BUNTIG
735,data\train\PAINTED BUNTIG\096.jpg,6,PAINTED BUNTIG
736,data\train\PAINTED BUNTIG\097.jpg,6,PAINTED BUNTIG
737,data\train\PAINTED BUNTIG\098.jpg,6,PAINTED BUNTIG
738,data\train\PAINTED BUNTIG\099.jpg,6,PAINTED BUNTIG
739,data\train\PAINTED BUNTIG\100.jpg,6,PAINTED BUNTIG
740,data\train\PAINTED BUNTIG\101.jpg,6,PAINTED BUNTIG
741,data\train\PAINTED BUNTIG\102.jpg,6,PAINTED BUNTIG
742,data\train\PAINTED BUNTIG\103.jpg,6,PAINTED BUNTIG
743,data\train\PAINTED BUNTIG\104.jpg,6,PAINTED BUNTIG
744,data\train\PAINTED BUNTIG\105.jpg,6,PAINTED BUNTIG
745,data\train\PAINTED BUNTIG\106.jpg,6,PAINTED BUNTIG
746,data\train\PAINTED BUNTIG\107.jpg,6,PAINTED BUNTIG
747,data\train\PAINTED BUNTIG\108.jpg,6,PAINTED BUNTIG
748,data\train\PAINTED BUNTIG\109.jpg,6,PAINTED BUNTIG
749,data\train\PAINTED BUNTIG\110.jpg,6,PAINTED BUNTIG
750,data\train\PAINTED BUNTIG\111.jpg,6,PAINTED BUNTIG
751,data\train\PAINTED BUNTIG\112.jpg,6,PAINTED BUNTIG
752,data\train\PAINTED BUNTIG\113.jpg,6,PAINTED BUNTIG
753,data\train\PAINTED BUNTIG\114.jpg,6,PAINTED BUNTIG
754,data\train\PAINTED BUNTIG\115.jpg,6,PAINTED BUNTIG
755,data\train\PAINTED BUNTIG\116.jpg,6,PAINTED BUNTIG
756,data\train\PAINTED BUNTIG\117.jpg,6,PAINTED BUNTIG
757,data\train\PAINTED BUNTIG\118.jpg,6,PAINTED BUNTIG
758,data\train\PAINTED BUNTIG\119.jpg,6,PAINTED BUNTIG
759,data\train\PAINTED BUNTIG\120.jpg,6,PAINTED BUNTIG
760,data\train\PAINTED BUNTIG\121.jpg,6,PAINTED BUNTIG
761,data\train\PAINTED BUNTIG\122.jpg,6,PAINTED BUNTIG
762,data\train\PAINTED BUNTIG\123.jpg,6,PAINTED BUNTIG
763,data\train\PAINTED BUNTIG\124.jpg,6,PAINTED BUNTIG
764,data\train\PAINTED BUNTIG\125.jpg,6,PAINTED BUNTIG
765,data\train\PAINTED BUNTIG\126.jpg,6,PAINTED BUNTIG
766,data\train\PAINTED BUNTIG\127.jpg,6,PAINTED BUNTIG
767,data\train\PAINTED BUNTIG\128.jpg,6,PAINTED BUNTIG
768,data\train\PAINTED BUNTIG\129.jpg,6,PAINTED BUNTIG
769,data\train\PAINTED BUNTIG\130.jpg,6,PAINTED BUNTIG
770,data\train\PEACOCK\021.jpg,7,PEACOCK
771,data\train\PEACOCK\022.jpg,7,PEACOCK
772,data\train\PEACOCK\023.jpg,7,PEACOCK
773,data\train\PEACOCK\024.jpg,7,PEACOCK
774,data\train\PEACOCK\025.jpg,7,PEACOCK
775,data\train\PEACOCK\026.jpg,7,PEACOCK
776,data\train\PEACOCK\027.jpg,7,PEACOCK
777,data\train\PEACOCK\028.jpg,7,PEACOCK
778,data\train\PEACOCK\029.jpg,7,PEACOCK
779,data\train\PEACOCK\030.jpg,7,PEACOCK
780,data\train\PEACOCK\031.jpg,7,PEACOCK
781,data\train\PEACOCK\032.jpg,7,PEACOCK
782,data\train\PEACOCK\033.jpg,7,PEACOCK
783,data\train\PEACOCK\034.jpg,7,PEACOCK
784,data\train\PEACOCK\035.jpg,7,PEACOCK
785,data\train\PEACOCK\036.jpg,7,PEACOCK
786,data\train\PEACOCK\037.jpg,7,PEACOCK
787,data\train\PEACOCK\038.jpg,7,PEACOCK
788,data\train\PEACOCK\039.jpg,7,PEACOCK
789,data\train\PEACOCK\040.jpg,7,PEACOCK
790,data\train\PEACOCK\041.jpg,7,PEACOCK
791,data\train\PEACOCK\042.jpg,7,PEACOCK
792,data\train\PEACOCK\043.jpg,7,PEACOCK
793,data\train\PEACOCK\044.jpg,7,PEACOCK
794,data\train\PEACOCK\045.jpg,7,PEACOCK
795,data\train\PEACOCK\046.jpg,7,PEACOCK
796,data\train\PEACOCK\047.jpg,7,PEACOCK
797,data\train\PEACOCK\048.jpg,7,PEACOCK
798,data\train\PEACOCK\049.jpg,7,PEACOCK
799,data\train\PEACOCK\050.jpg,7,PEACOCK
800,data\train\PEACOCK\051.jpg,7,PEACOCK
801,data\train\PEACOCK\052.jpg,7,PEACOCK
802,data\train\PEACOCK\053.jpg,7,PEACOCK
803,data\train\PEACOCK\054.jpg,7,PEACOCK
804,data\train\PEACOCK\055.jpg,7,PEACOCK
805,data\train\PEACOCK\056.jpg,7,PEACOCK
806,data\train\PEACOCK\057.jpg,7,PEACOCK
807,data\train\PEACOCK\058.jpg,7,PEACOCK
808,data\train\PEACOCK\059.jpg,7,PEACOCK
809,data\train\PEACOCK\060.jpg,7,PEACOCK
810,data\train\PEACOCK\061.jpg,7,PEACOCK
811,data\train\PEACOCK\062.jpg,7,PEACOCK
812,data\train\PEACOCK\063.jpg,7,PEACOCK
813,data\train\PEACOCK\064.jpg,7,PEACOCK
814,data\train\PEACOCK\065.jpg,7,PEACOCK
815,data\train\PEACOCK\066.jpg,7,PEACOCK
816,data\train\PEACOCK\067.jpg,7,PEACOCK
817,data\train\PEACOCK\068.jpg,7,PEACOCK
818,data\train\PEACOCK\069.jpg,7,PEACOCK
819,data\train\PEACOCK\070.jpg,7,PEACOCK
820,data\train\PEACOCK\071.jpg,7,PEACOCK
821,data\train\PEACOCK\072.jpg,7,PEACOCK
822,data\train\PEACOCK\073.jpg,7,PEACOCK
823,data\train\PEACOCK\074.jpg,7,PEACOCK
824,data\train\PEACOCK\075.jpg,7,PEACOCK
825,data\train\PEACOCK\076.jpg,7,PEACOCK
826,data\train\PEACOCK\077.jpg,7,PEACOCK
827,data\train\PEACOCK\078.jpg,7,PEACOCK
828,data\train\PEACOCK\079.jpg,7,PEACOCK
829,data\train\PEACOCK\080.jpg,7,PEACOCK
830,data\train\PEACOCK\081.jpg,7,PEACOCK
831,data\train\PEACOCK\082.jpg,7,PEACOCK
832,data\train\PEACOCK\083.jpg,7,PEACOCK
833,data\train\PEACOCK\084.jpg,7,PEACOCK
834,data\train\PEACOCK\085.jpg,7,PEACOCK
835,data\train\PEACOCK\086.jpg,7,PEACOCK
836,data\train\PEACOCK\087.jpg,7,PEACOCK
837,data\train\PEACOCK\088.jpg,7,PEACOCK
838,data\train\PEACOCK\089.jpg,7,PEACOCK
839,data\train\PEACOCK\090.jpg,7,PEACOCK
840,data\train\PEACOCK\091.jpg,7,PEACOCK
841,data\train\PEACOCK\092.jpg,7,PEACOCK
842,data\train\PEACOCK\093.jpg,7,PEACOCK
843,data\train\PEACOCK\094.jpg,7,PEACOCK
844,data\train\PEACOCK\095.jpg,7,PEACOCK
845,data\train\PEACOCK\096.jpg,7,PEACOCK
846,data\train\PEACOCK\097.jpg,7,PEACOCK
847,data\train\PEACOCK\098.jpg,7,PEACOCK
848,data\train\PEACOCK\099.jpg,7,PEACOCK
849,data\train\PEACOCK\100.jpg,7,PEACOCK
850,data\train\PEACOCK\101.jpg,7,PEACOCK
851,data\train\PEACOCK\102.jpg,7,PEACOCK
852,data\train\PEACOCK\103.jpg,7,PEACOCK
853,data\train\PEACOCK\104.jpg,7,PEACOCK
854,data\train\PEACOCK\105.jpg,7,PEACOCK
855,data\train\PEACOCK\106.jpg,7,PEACOCK
856,data\train\PEACOCK\107.jpg,7,PEACOCK
857,data\train\PEACOCK\108.jpg,7,PEACOCK
858,data\train\PEACOCK\110.jpg,7,PEACOCK
859,data\train\PEACOCK\111.jpg,7,PEACOCK
860,data\train\PEACOCK\112.jpg,7,PEACOCK
861,data\train\PEACOCK\113.jpg,7,PEACOCK
862,data\train\PEACOCK\114.jpg,7,PEACOCK
863,data\train\PEACOCK\115.jpg,7,PEACOCK
864,data\train\PEACOCK\116.jpg,7,PEACOCK
865,data\train\PEACOCK\117.jpg,7,PEACOCK
866,data\train\PEACOCK\118.jpg,7,PEACOCK
867,data\train\PEACOCK\119.jpg,7,PEACOCK
868,data\train\PEACOCK\120.jpg,7,PEACOCK
869,data\train\PEACOCK\121.jpg,7,PEACOCK
870,data\train\PEACOCK\122.jpg,7,PEACOCK
871,data\train\PEACOCK\123.jpg,7,PEACOCK
872,data\train\PEACOCK\124.jpg,7,PEACOCK
873,data\train\PEACOCK\125.jpg,7,PEACOCK
874,data\train\PEACOCK\126.jpg,7,PEACOCK
875,data\train\PEACOCK\127.jpg,7,PEACOCK
876,data\train\PEACOCK\128.jpg,7,PEACOCK
877,data\train\PEACOCK\129.jpg,7,PEACOCK
878,data\train\PEACOCK\130.jpg,7,PEACOCK
879,data\train\PEACOCK\131.jpg,7,PEACOCK
880,data\train\RAINBOW LORIKEET\021.jpg,8,RAINBOW LORIKEET
881,data\train\RAINBOW LORIKEET\022.jpg,8,RAINBOW LORIKEET
882,data\train\RAINBOW LORIKEET\023.jpg,8,RAINBOW LORIKEET
883,data\train\RAINBOW LORIKEET\024.jpg,8,RAINBOW LORIKEET
884,data\train\RAINBOW LORIKEET\025.jpg,8,RAINBOW LORIKEET
885,data\train\RAINBOW LORIKEET\026.jpg,8,RAINBOW LORIKEET
886,data\train\RAINBOW LORIKEET\027.jpg,8,RAINBOW LORIKEET
887,data\train\RAINBOW LORIKEET\028.jpg,8,RAINBOW LORIKEET
888,data\train\RAINBOW LORIKEET\029.jpg,8,RAINBOW LORIKEET
889,data\train\RAINBOW LORIKEET\030.jpg,8,RAINBOW LORIKEET
890,data\train\RAINBOW LORIKEET\031.jpg,8,RAINBOW LORIKEET
891,data\train\RAINBOW LORIKEET\032.jpg,8,RAINBOW LORIKEET
892,data\train\RAINBOW LORIKEET\033.jpg,8,RAINBOW LORIKEET
893,data\train\RAINBOW LORIKEET\034.jpg,8,RAINBOW LORIKEET
894,data\train\RAINBOW LORIKEET\035.jpg,8,RAINBOW LORIKEET
895,data\train\RAINBOW LORIKEET\036.jpg,8,RAINBOW LORIKEET
896,data\train\RAINBOW LORIKEET\037.jpg,8,RAINBOW LORIKEET
897,data\train\RAINBOW LORIKEET\038.jpg,8,RAINBOW LORIKEET
898,data\train\RAINBOW LORIKEET\039.jpg,8,RAINBOW LORIKEET
899,data\train\RAINBOW LORIKEET\040.jpg,8,RAINBOW LORIKEET
900,data\train\RAINBOW LORIKEET\041.jpg,8,RAINBOW LORIKEET
901,data\train\RAINBOW LORIKEET\042.jpg,8,RAINBOW LORIKEET
902,data\train\RAINBOW LORIKEET\043.jpg,8,RAINBOW LORIKEET
903,data\train\RAINBOW LORIKEET\044.jpg,8,RAINBOW LORIKEET
904,data\train\RAINBOW LORIKEET\045.jpg,8,RAINBOW LORIKEET
905,data\train\RAINBOW LORIKEET\046.jpg,8,RAINBOW LORIKEET
906,data\train\RAINBOW LORIKEET\047.jpg,8,RAINBOW LORIKEET
907,data\train\RAINBOW LORIKEET\048.jpg,8,RAINBOW LORIKEET
908,data\train\RAINBOW LORIKEET\049.jpg,8,RAINBOW LORIKEET
909,data\train\RAINBOW LORIKEET\050.jpg,8,RAINBOW LORIKEET
910,data\train\RAINBOW LORIKEET\051.jpg,8,RAINBOW LORIKEET
911,data\train\RAINBOW LORIKEET\052.jpg,8,RAINBOW LORIKEET
912,data\train\RAINBOW LORIKEET\053.jpg,8,RAINBOW LORIKEET
913,data\train\RAINBOW LORIKEET\054.jpg,8,RAINBOW LORIKEET
914,data\train\RAINBOW LORIKEET\055.jpg,8,RAINBOW LORIKEET
915,data\train\RAINBOW LORIKEET\056.jpg,8,RAINBOW LORIKEET
916,data\train\RAINBOW LORIKEET\057.jpg,8,RAINBOW LORIKEET
917,data\train\RAINBOW LORIKEET\058.jpg,8,RAINBOW LORIKEET
918,data\train\RAINBOW LORIKEET\059.jpg,8,RAINBOW LORIKEET
919,data\train\RAINBOW LORIKEET\060.jpg,8,RAINBOW LORIKEET
920,data\train\RAINBOW LORIKEET\061.jpg,8,RAINBOW LORIKEET
921,data\train\RAINBOW LORIKEET\062.jpg,8,RAINBOW LORIKEET
922,data\train\RAINBOW LORIKEET\063.jpg,8,RAINBOW LORIKEET
923,data\train\RAINBOW LORIKEET\064.jpg,8,RAINBOW LORIKEET
924,data\train\RAINBOW LORIKEET\065.jpg,8,RAINBOW LORIKEET
925,data\train\RAINBOW LORIKEET\066.jpg,8,RAINBOW LORIKEET
926,data\train\RAINBOW LORIKEET\067.jpg,8,RAINBOW LORIKEET
927,data\train\RAINBOW LORIKEET\068.jpg,8,RAINBOW LORIKEET
928,data\train\RAINBOW LORIKEET\069.jpg,8,RAINBOW LORIKEET
929,data\train\RAINBOW LORIKEET\070.jpg,8,RAINBOW LORIKEET
930,data\train\RAINBOW LORIKEET\071.jpg,8,RAINBOW LORIKEET
931,data\train\RAINBOW LORIKEET\072.jpg,8,RAINBOW LORIKEET
932,data\train\RAINBOW LORIKEET\073.jpg,8,RAINBOW LORIKEET
933,data\train\RAINBOW LORIKEET\074.jpg,8,RAINBOW LORIKEET
934,data\train\RAINBOW LORIKEET\075.jpg,8,RAINBOW LORIKEET
935,data\train\RAINBOW LORIKEET\076.jpg,8,RAINBOW LORIKEET
936,data\train\RAINBOW LORIKEET\077.jpg,8,RAINBOW LORIKEET
937,data\train\RAINBOW LORIKEET\078.jpg,8,RAINBOW LORIKEET
938,data\train\RAINBOW LORIKEET\079.jpg,8,RAINBOW LORIKEET
939,data\train\RAINBOW LORIKEET\080.jpg,8,RAINBOW LORIKEET
940,data\train\RAINBOW LORIKEET\081.jpg,8,RAINBOW LORIKEET
941,data\train\RAINBOW LORIKEET\082.jpg,8,RAINBOW LORIKEET
942,data\train\RAINBOW LORIKEET\083.jpg,8,RAINBOW LORIKEET
943,data\train\RAINBOW LORIKEET\084.jpg,8,RAINBOW LORIKEET
944,data\train\RAINBOW LORIKEET\085.jpg,8,RAINBOW LORIKEET
945,data\train\RAINBOW LORIKEET\086.jpg,8,RAINBOW LORIKEET
946,data\train\RAINBOW LORIKEET\087.jpg,8,RAINBOW LORIKEET
947,data\train\RAINBOW LORIKEET\088.jpg,8,RAINBOW LORIKEET
948,data\train\RAINBOW LORIKEET\089.jpg,8,RAINBOW LORIKEET
949,data\train\RAINBOW LORIKEET\090.jpg,8,RAINBOW LORIKEET
950,data\train\RAINBOW LORIKEET\091.jpg,8,RAINBOW LORIKEET
951,data\train\RAINBOW LORIKEET\092.jpg,8,RAINBOW LORIKEET
952,data\train\RAINBOW LORIKEET\093.jpg,8,RAINBOW LORIKEET
953,data\train\RAINBOW LORIKEET\094.jpg,8,RAINBOW LORIKEET
954,data\train\RAINBOW LORIKEET\095.jpg,8,RAINBOW LORIKEET
955,data\train\RAINBOW LORIKEET\096.jpg,8,RAINBOW LORIKEET
956,data\train\RAINBOW LORIKEET\097.jpg,8,RAINBOW LORIKEET
957,data\train\RAINBOW LORIKEET\098.jpg,8,RAINBOW LORIKEET
958,data\train\RAINBOW LORIKEET\099.jpg,8,RAINBOW LORIKEET
959,data\train\RAINBOW LORIKEET\100.jpg,8,RAINBOW LORIKEET
960,data\train\RAINBOW LORIKEET\101.jpg,8,RAINBOW LORIKEET
961,data\train\RAINBOW LORIKEET\102.jpg,8,RAINBOW LORIKEET
962,data\train\RAINBOW LORIKEET\103.jpg,8,RAINBOW LORIKEET
963,data\train\RAINBOW LORIKEET\104.jpg,8,RAINBOW LORIKEET
964,data\train\RAINBOW LORIKEET\105.jpg,8,RAINBOW LORIKEET
965,data\train\RAINBOW LORIKEET\106.jpg,8,RAINBOW LORIKEET
966,data\train\RAINBOW LORIKEET\107.jpg,8,RAINBOW LORIKEET
967,data\train\RAINBOW LORIKEET\108.jpg,8,RAINBOW LORIKEET
968,data\train\RAINBOW LORIKEET\109.jpg,8,RAINBOW LORIKEET
969,data\train\RAINBOW LORIKEET\110.jpg,8,RAINBOW LORIKEET
970,data\train\RAINBOW LORIKEET\111.jpg,8,RAINBOW LORIKEET
971,data\train\RAINBOW LORIKEET\112.jpg,8,RAINBOW LORIKEET
972,data\train\RAINBOW LORIKEET\113.jpg,8,RAINBOW LORIKEET
973,data\train\RAINBOW LORIKEET\114.jpg,8,RAINBOW LORIKEET
974,data\train\RAINBOW LORIKEET\115.jpg,8,RAINBOW LORIKEET
975,data\train\RAINBOW LORIKEET\116.jpg,8,RAINBOW LORIKEET
976,data\train\RAINBOW LORIKEET\117.jpg,8,RAINBOW LORIKEET
977,data\train\RAINBOW LORIKEET\118.jpg,8,RAINBOW LORIKEET
978,data\train\RAINBOW LORIKEET\119.jpg,8,RAINBOW LORIKEET
979,data\train\RAINBOW LORIKEET\120.jpg,8,RAINBOW LORIKEET
980,data\train\RAINBOW LORIKEET\121.jpg,8,RAINBOW LORIKEET
981,data\train\RAINBOW LORIKEET\122.jpg,8,RAINBOW LORIKEET
982,data\train\RAINBOW LORIKEET\123.jpg,8,RAINBOW LORIKEET
983,data\train\RAINBOW LORIKEET\124.jpg,8,RAINBOW LORIKEET
984,data\train\RAINBOW LORIKEET\125.jpg,8,RAINBOW LORIKEET
985,data\train\RAINBOW LORIKEET\126.jpg,8,RAINBOW LORIKEET
986,data\train\RAINBOW LORIKEET\127.jpg,8,RAINBOW LORIKEET
987,data\train\RAINBOW LORIKEET\128.jpg,8,RAINBOW LORIKEET
988,data\train\RAINBOW LORIKEET\129.jpg,8,RAINBOW LORIKEET
989,data\train\RAINBOW LORIKEET\130.jpg,8,RAINBOW LORIKEET
990,data\train\TAIWAN MAGPIE\021.jpg,9,TAIWAN MAGPIE
991,data\train\TAIWAN MAGPIE\022.jpg,9,TAIWAN MAGPIE
992,data\train\TAIWAN MAGPIE\023.jpg,9,TAIWAN MAGPIE
993,data\train\TAIWAN MAGPIE\024.jpg,9,TAIWAN MAGPIE
994,data\train\TAIWAN MAGPIE\025.jpg,9,TAIWAN MAGPIE
995,data\train\TAIWAN MAGPIE\026.jpg,9,TAIWAN MAGPIE
996,data\train\TAIWAN MAGPIE\027.jpg,9,TAIWAN MAGPIE
997,data\train\TAIWAN MAGPIE\028.jpg,9,TAIWAN MAGPIE
998,data\train\TAIWAN MAGPIE\029.jpg,9,TAIWAN MAGPIE
999,data\train\TAIWAN MAGPIE\030.jpg,9,TAIWAN MAGPIE
1000,data\train\TAIWAN MAGPIE\031.jpg,9,TAIWAN MAGPIE
1001,data\train\TAIWAN MAGPIE\032.jpg,9,TAIWAN MAGPIE
1002,data\train\TAIWAN MAGPIE\033.jpg,9,TAIWAN MAGPIE
1003,data\train\TAIWAN MAGPIE\034.jpg,9,TAIWAN MAGPIE
1004,data\train\TAIWAN MAGPIE\035.jpg,9,TAIWAN MAGPIE
1005,data\train\TAIWAN MAGPIE\036.jpg,9,TAIWAN MAGPIE
1006,data\train\TAIWAN MAGPIE\037.jpg,9,TAIWAN MAGPIE
1007,data\train\TAIWAN MAGPIE\038.jpg,9,TAIWAN MAGPIE
1008,data\train\TAIWAN MAGPIE\039.jpg,9,TAIWAN MAGPIE
1009,data\train\TAIWAN MAGPIE\040.jpg,9,TAIWAN MAGPIE
1010,data\train\TAIWAN MAGPIE\041.jpg,9,TAIWAN MAGPIE
1011,data\train\TAIWAN MAGPIE\042.jpg,9,TAIWAN MAGPIE
1012,data\train\TAIWAN MAGPIE\043.jpg,9,TAIWAN MAGPIE
1013,data\train\TAIWAN MAGPIE\044.jpg,9,TAIWAN MAGPIE
1014,data\train\TAIWAN MAGPIE\045.jpg,9,TAIWAN MAGPIE
1015,data\train\TAIWAN MAGPIE\046.jpg,9,TAIWAN MAGPIE
1016,data\train\TAIWAN MAGPIE\047.jpg,9,TAIWAN MAGPIE
1017,data\train\TAIWAN MAGPIE\048.jpg,9,TAIWAN MAGPIE
1018,data\train\TAIWAN MAGPIE\049.jpg,9,TAIWAN MAGPIE
1019,data\train\TAIWAN MAGPIE\050.jpg,9,TAIWAN MAGPIE
1020,data\train\TAIWAN MAGPIE\051.jpg,9,TAIWAN MAGPIE
1021,data\train\TAIWAN MAGPIE\052.jpg,9,TAIWAN MAGPIE
1022,data\train\TAIWAN MAGPIE\053.jpg,9,TAIWAN MAGPIE
1023,data\train\TAIWAN MAGPIE\054.jpg,9,TAIWAN MAGPIE
1024,data\train\TAIWAN MAGPIE\055.jpg,9,TAIWAN MAGPIE
1025,data\train\TAIWAN MAGPIE\056.jpg,9,TAIWAN MAGPIE
1026,data\train\TAIWAN MAGPIE\057.jpg,9,TAIWAN MAGPIE
1027,data\train\TAIWAN MAGPIE\058.jpg,9,TAIWAN MAGPIE
1028,data\train\TAIWAN MAGPIE\059.jpg,9,TAIWAN MAGPIE
1029,data\train\TAIWAN MAGPIE\060.jpg,9,TAIWAN MAGPIE
1030,data\train\TAIWAN MAGPIE\061.jpg,9,TAIWAN MAGPIE
1031,data\train\TAIWAN MAGPIE\062.jpg,9,TAIWAN MAGPIE
1032,data\train\TAIWAN MAGPIE\063.jpg,9,TAIWAN MAGPIE
1033,data\train\TAIWAN MAGPIE\064.jpg,9,TAIWAN MAGPIE
1034,data\train\TAIWAN MAGPIE\065.jpg,9,TAIWAN MAGPIE
1035,data\train\TAIWAN MAGPIE\066.jpg,9,TAIWAN MAGPIE
1036,data\train\TAIWAN MAGPIE\067.jpg,9,TAIWAN MAGPIE
1037,data\train\TAIWAN MAGPIE\068.jpg,9,TAIWAN MAGPIE
1038,data\train\TAIWAN MAGPIE\069.jpg,9,TAIWAN MAGPIE
1039,data\train\TAIWAN MAGPIE\070.jpg,9,TAIWAN MAGPIE
1040,data\train\TAIWAN MAGPIE\071.jpg,9,TAIWAN MAGPIE
1041,data\train\TAIWAN MAGPIE\072.jpg,9,TAIWAN MAGPIE
1042,data\train\TAIWAN MAGPIE\073.jpg,9,TAIWAN MAGPIE
1043,data\train\TAIWAN MAGPIE\074.jpg,9,TAIWAN MAGPIE
1044,data\train\TAIWAN MAGPIE\075.jpg,9,TAIWAN MAGPIE
1045,data\train\TAIWAN MAGPIE\076.jpg,9,TAIWAN MAGPIE
1046,data\train\TAIWAN MAGPIE\077.jpg,9,TAIWAN MAGPIE
1047,data\train\TAIWAN MAGPIE\078.jpg,9,TAIWAN MAGPIE
1048,data\train\TAIWAN MAGPIE\079.jpg,9,TAIWAN MAGPIE
1049,data\train\TAIWAN MAGPIE\080.jpg,9,TAIWAN MAGPIE
1050,data\train\TAIWAN MAGPIE\081.jpg,9,TAIWAN MAGPIE
1051,data\train\TAIWAN MAGPIE\082.jpg,9,TAIWAN MAGPIE
1052,data\train\TAIWAN MAGPIE\083.jpg,9,TAIWAN MAGPIE
1053,data\train\TAIWAN MAGPIE\084.jpg,9,TAIWAN MAGPIE
1054,data\train\TAIWAN MAGPIE\085.jpg,9,TAIWAN MAGPIE
1055,data\train\TAIWAN MAGPIE\086.jpg,9,TAIWAN MAGPIE
1056,data\train\TAIWAN MAGPIE\087.jpg,9,TAIWAN MAGPIE
1057,data\train\TAIWAN MAGPIE\088.jpg,9,TAIWAN MAGPIE
1058,data\train\TAIWAN MAGPIE\089.jpg,9,TAIWAN MAGPIE
1059,data\train\TAIWAN MAGPIE\090.jpg,9,TAIWAN MAGPIE
1060,data\train\TAIWAN MAGPIE\091.jpg,9,TAIWAN MAGPIE
1061,data\train\TAIWAN MAGPIE\092.jpg,9,TAIWAN MAGPIE
1062,data\train\TAIWAN MAGPIE\093.jpg,9,TAIWAN MAGPIE
1063,data\train\TAIWAN MAGPIE\094.jpg,9,TAIWAN MAGPIE
1064,data\train\TAIWAN MAGPIE\095.jpg,9,TAIWAN MAGPIE
1065,data\train\TAIWAN MAGPIE\096.jpg,9,TAIWAN MAGPIE
1066,data\train\TAIWAN MAGPIE\097.jpg,9,TAIWAN MAGPIE
1067,data\train\TAIWAN MAGPIE\098.jpg,9,TAIWAN MAGPIE
1068,data\train\TAIWAN MAGPIE\099.jpg,9,TAIWAN MAGPIE
1069,data\train\TAIWAN MAGPIE\100.jpg,9,TAIWAN MAGPIE
1070,data\train\TAIWAN MAGPIE\101.jpg,9,TAIWAN MAGPIE
1071,data\train\TAIWAN MAGPIE\102.jpg,9,TAIWAN MAGPIE
1072,data\train\TAIWAN MAGPIE\103.jpg,9,TAIWAN MAGPIE
1073,data\train\TAIWAN MAGPIE\104.jpg,9,TAIWAN MAGPIE
1074,data\train\TAIWAN MAGPIE\105.jpg,9,TAIWAN MAGPIE
1075,data\train\TAIWAN MAGPIE\106.jpg,9,TAIWAN MAGPIE
1076,data\train\TAIWAN MAGPIE\107.jpg,9,TAIWAN MAGPIE
1077,data\train\TAIWAN MAGPIE\108.jpg,9,TAIWAN MAGPIE
1078,data\train\TAIWAN MAGPIE\109.jpg,9,TAIWAN MAGPIE
1079,data\train\TAIWAN MAGPIE\110.jpg,9,TAIWAN MAGPIE
1080,data\train\TAIWAN MAGPIE\111.jpg,9,TAIWAN MAGPIE
1081,data\train\TAIWAN MAGPIE\112.jpg,9,TAIWAN MAGPIE
1082,data\train\TAIWAN MAGPIE\113.jpg,9,TAIWAN MAGPIE
1083,data\train\TAIWAN MAGPIE\114.jpg,9,TAIWAN MAGPIE
1084,data\train\TAIWAN MAGPIE\115.jpg,9,TAIWAN MAGPIE
1085,data\train\TAIWAN MAGPIE\116.jpg,9,TAIWAN MAGPIE
1086,data\train\TAIWAN MAGPIE\117.jpg,9,TAIWAN MAGPIE
1087,data\train\TAIWAN MAGPIE\118.jpg,9,TAIWAN MAGPIE
1088,data\train\TAIWAN MAGPIE\119.jpg,9,TAIWAN MAGPIE
1089,data\train\TAIWAN MAGPIE\120.jpg,9,TAIWAN MAGPIE
1090,data\train\TAIWAN MAGPIE\121.jpg,9,TAIWAN MAGPIE
1091,data\train\TAIWAN MAGPIE\122.jpg,9,TAIWAN MAGPIE
1092,data\train\TAIWAN MAGPIE\123.jpg,9,TAIWAN MAGPIE
1093,data\train\TAIWAN MAGPIE\124.jpg,9,TAIWAN MAGPIE
1094,data\train\TAIWAN MAGPIE\125.jpg,9,TAIWAN MAGPIE
1095,data\train\TAIWAN MAGPIE\126.jpg,9,TAIWAN MAGPIE
1096,data\train\TAIWAN MAGPIE\127.jpg,9,TAIWAN MAGPIE
1097,data\train\TAIWAN MAGPIE\128.jpg,9,TAIWAN MAGPIE
1098,data\train\TAIWAN MAGPIE\129.jpg,9,TAIWAN MAGPIE
1099,data\train\TAIWAN MAGPIE\130.jpg,9,TAIWAN MAGPIE
