Class	Name
0	FLAME TANAGER
0	FLAME TANAGER
0	FLAME TANAGER
0	FLAME TANAGER
0	FLAME TANAGER
0	FLAME TANAGER
0	FLAME TANAGER
0	FLAME TANAGER
0	FLAME TANAGER
0	FLAME TANAGER
0	FLAME TANAGER
0	FLAME TANAGER
0	FLAME TANAGER
0	FLAME TANAGER
0	FLAME TANAGER
0	FLAME TANAGER
0	FLAME TANAGER
0	FLAME TANAGER
0	FLAME TANAGER
0	FLAME TANAGER
0	FLAME TANAGER
0	FLAME TANAGER
0	FLAME TANAGER
0	FLAME TANAGER
0	FLAME TANAGER
0	FLAME TANAGER
0	FLAME TANAGER
0	FLAME TANAGER
0	FLAME TANAGER
0	FLAME TANAGER
0	FLAME TANAGER
0	FLAME TANAGER
0	FLAME TANAGER
0	FLAME TANAGER
0	FLAME TANAGER
0	FLAME TANAGER
0	FLAME TANAGER
0	FLAME TANAGER
0	FLAME TANAGER
0	FLAME TANAGER
0	FLAME TANAGER
0	FLAME TANAGER
0	FLAME TANAGER
0	FLAME TANAGER
0	FLAME TANAGER
0	FLAME TANAGER
0	FLAME TANAGER
0	FLAME TANAGER
0	FLAME TANAGER
0	FLAME TANAGER
0	FLAME TANAGER
0	FLAME TANAGER
0	FLAME TANAGER
0	FLAME TANAGER
0	FLAME TANAGER
0	FLAME TANAGER
0	FLAME TANAGER
0	FLAME TANAGER
0	FLAME TANAGER
0	FLAME TANAGER
0	FLAME TANAGER
0	FLAME TANAGER
0	FLAME TANAGER
0	FLAME TANAGER
0	FLAME TANAGER
0	FLAME TANAGER
0	FLAME TANAGER
0	FLAME TANAGER
0	FLAME TANAGER
0	FLAME TANAGER
0	FLAME TANAGER
0	FLAME TANAGER
0	FLAME TANAGER
0	FLAME TANAGER
0	FLAME TANAGER
0	FLAME TANAGER
0	FLAME TANAGER
0	FLAME TANAGER
0	FLAME TANAGER
0	FLAME TANAGER
0	FLAME TANAGER
0	FLAME TANAGER
0	FLAME TANAGER
0	FLAME TANAGER
0	FLAME TANAGER
0	FLAME TANAGER
0	FLAME TANAGER
0	FLAME TANAGER
0	FLAME TANAGER
0	FLAME TANAGER
0	FLAME TANAGER
0	FLAME TANAGER
0	FLAME TANAGER
0	FLAME TANAGER
0	FLAME TANAGER
0	FLAME TANAGER
0	FLAME TANAGER
0	FLAME TANAGER
0	FLAME TANAGER
0	FLAME TANAGER
0	FLAME TANAGER
0	FLAME TANAGER
0	FLAME TANAGER
0	FLAME TANAGER
0	FLAME TANAGER
0	FLAME TANAGER
0	FLAME TANAGER
0	FLAME TANAGER
0	FLAME TANAGER
0	FLAME TANAGER
1	GOULDIAN FINCH
1	GOULDIAN FINCH
1	GOULDIAN FINCH
1	GOULDIAN FINCH
1	GOULDIAN FINCH
1	GOULDIAN FINCH
1	GOULDIAN FINCH
1	GOULDIAN FINCH
1	GOULDIAN FINCH
1	GOULDIAN FINCH
1	GOULDIAN FINCH
1	GOULDIAN FINCH
1	GOULDIAN FINCH
1	GOULDIAN FINCH
1	GOULDIAN FINCH
1	GOULDIAN FINCH
1	GOULDIAN FINCH
1	GOULDIAN FINCH
1	GOULDIAN FINCH
1	GOULDIAN FINCH
1	GOULDIAN FINCH
1	GOULDIAN FINCH
1	GOULDIAN FINCH
1	GOULDIAN FINCH
1	GOULDIAN FINCH
1	GOULDIAN FINCH
1	GOULDIAN FINCH
1	GOULDIAN FINCH
1	GOULDIAN FINCH
1	GOULDIAN FINCH
1	GOULDIAN FINCH
1	GOULDIAN FINCH
1	GOULDIAN FINCH
1	GOULDIAN FINCH
1	GOULDIAN FINCH
1	GOULDIAN FINCH
1	GOULDIAN FINCH
1	GOULDIAN FINCH
1	GOULDIAN FINCH
1	GOULDIAN FINCH
1	GOULDIAN FINCH
1	GOULDIAN FINCH
1	GOULDIAN FINCH
1	GOULDIAN FINCH
1	GOULDIAN FINCH
1	GOULDIAN FINCH
1	GOULDIAN FINCH
1	GOULDIAN FINCH
1	GOULDIAN FINCH
1	GOULDIAN FINCH
1	GOULDIAN FINCH
1	GOULDIAN FINCH
1	GOULDIAN FINCH
1	GOULDIAN FINCH
1	GOULDIAN FINCH
1	GOULDIAN FINCH
1	GOULDIAN FINCH
1	GOULDIAN FINCH
1	GOULDIAN FINCH
1	GOULDIAN FINCH
1	GOULDIAN FINCH
1	GOULDIAN FINCH
1	GOULDIAN FINCH
1	GOULDIAN FINCH
1	GOULDIAN FINCH
1	GOULDIAN FINCH
1	GOULDIAN FINCH
1	GOULDIAN FINCH
1	GOULDIAN FINCH
1	GOULDIAN FINCH
1	GOULDIAN FINCH
1	GOULDIAN FINCH
1	GOULDIAN FINCH
1	GOULDIAN FINCH
1	GOULDIAN FINCH
1	GOULDIAN FINCH
1	GOULDIAN FINCH
1	GOULDIAN FINCH
1	GOULDIAN FINCH
1	GOULDIAN FINCH
1	GOULDIAN FINCH
1	GOULDIAN FINCH
1	GOULDIAN FINCH
1	GOULDIAN FINCH
1	GOULDIAN FINCH
1	GOULDIAN FINCH
1	GOULDIAN FINCH
1	GOULDIAN FINCH
1	GOULDIAN FINCH
1	GOULDIAN FINCH
1	GOULDIAN FINCH
1	GOULDIAN FINCH
1	GOULDIAN FINCH
1	GOULDIAN FINCH
1	GOULDIAN FINCH
1	GOULDIAN FINCH
1	GOULDIAN FINCH
1	GOULDIAN FINCH
1	GOULDIAN FINCH
1	GOULDIAN FINCH
1	GOULDIAN FINCH
1	GOULDIAN FINCH
1	GOULDIAN FINCH
1	GOULDIAN FINCH
1	GOULDIAN FINCH
1	GOULDIAN FINCH
1	GOULDIAN FINCH
1	GOULDIAN FINCH
1	GOULDIAN FINCH
1	GOULDIAN FINCH
2	INDIGO BUNTING
2	INDIGO BUNTING
2	INDIGO BUNTING
2	INDIGO BUNTING
2	INDIGO BUNTING
2	INDIGO BUNTING
2	INDIGO BUNTING
2	INDIGO BUNTING
2	INDIGO BUNTING
2	INDIGO BUNTING
2	INDIGO BUNTING
2	INDIGO BUNTING
2	INDIGO BUNTING
2	INDIGO BUNTING
2	INDIGO BUNTING
2	INDIGO BUNTING
2	INDIGO BUNTING
2	INDIGO BUNTING
2	INDIGO BUNTING
2	INDIGO BUNTING
2	INDIGO BUNTING
2	INDIGO BUNTING
2	INDIGO BUNTING
2	INDIGO BUNTING
2	INDIGO BUNTING
2	INDIGO BUNTING
2	INDIGO BUNTING
2	INDIGO BUNTING
2	INDIGO BUNTING
2	INDIGO BUNTING
2	INDIGO BUNTING
2	INDIGO BUNTING
2	INDIGO BUNTING
2	INDIGO BUNTING
2	INDIGO BUNTING
2	INDIGO BUNTING
2	INDIGO BUNTING
2	INDIGO BUNTING
2	INDIGO BUNTING
2	INDIGO BUNTING
2	INDIGO BUNTING
2	INDIGO BUNTING
2	INDIGO BUNTING
2	INDIGO BUNTING
2	INDIGO BUNTING
2	INDIGO BUNTING
2	INDIGO BUNTING
2	INDIGO BUNTING
2	INDIGO BUNTING
2	INDIGO BUNTING
2	INDIGO BUNTING
2	INDIGO BUNTING
2	INDIGO BUNTING
2	INDIGO BUNTING
2	INDIGO BUNTING
2	INDIGO BUNTING
2	INDIGO BUNTING
2	INDIGO BUNTING
2	INDIGO BUNTING
2	INDIGO BUNTING
2	INDIGO BUNTING
2	INDIGO BUNTING
2	INDIGO BUNTING
2	INDIGO BUNTING
2	INDIGO BUNTING
2	INDIGO BUNTING
2	INDIGO BUNTING
2	INDIGO BUNTING
2	INDIGO BUNTING
2	INDIGO BUNTING
2	INDIGO BUNTING
2	INDIGO BUNTING
2	INDIGO BUNTING
2	INDIGO BUNTING
2	INDIGO BUNTING
2	INDIGO BUNTING
2	INDIGO BUNTING
2	INDIGO BUNTING
2	INDIGO BUNTING
2	INDIGO BUNTING
2	INDIGO BUNTING
2	INDIGO BUNTING
2	INDIGO BUNTING
2	INDIGO BUNTING
2	INDIGO BUNTING
2	INDIGO BUNTING
2	INDIGO BUNTING
2	INDIGO BUNTING
2	INDIGO BUNTING
2	INDIGO BUNTING
2	INDIGO BUNTING
2	INDIGO BUNTING
2	INDIGO BUNTING
2	INDIGO BUNTING
2	INDIGO BUNTING
2	INDIGO BUNTING
2	INDIGO BUNTING
2	INDIGO BUNTING
2	INDIGO BUNTING
2	INDIGO BUNTING
2	INDIGO BUNTING
2	INDIGO BUNTING
2	INDIGO BUNTING
2	INDIGO BUNTING
2	INDIGO BUNTING
2	INDIGO BUNTING
2	INDIGO BUNTING
2	INDIGO BUNTING
2	INDIGO BUNTING
2	INDIGO BUNTING
3	LILAC ROLLER
3	LILAC ROLLER
3	LILAC ROLLER
3	LILAC ROLLER
3	LILAC ROLLER
3	LILAC ROLLER
3	LILAC ROLLER
3	LILAC ROLLER
3	LILAC ROLLER
3	LILAC ROLLER
3	LILAC ROLLER
3	LILAC ROLLER
3	LILAC ROLLER
3	LILAC ROLLER
3	LILAC ROLLER
3	LILAC ROLLER
3	LILAC ROLLER
3	LILAC ROLLER
3	LILAC ROLLER
3	LILAC ROLLER
3	LILAC ROLLER
3	LILAC ROLLER
3	LILAC ROLLER
3	LILAC ROLLER
3	LILAC ROLLER
3	LILAC ROLLER
3	LILAC ROLLER
3	LILAC ROLLER
3	LILAC ROLLER
3	LILAC ROLLER
3	LILAC ROLLER
3	LILAC ROLLER
3	LILAC ROLLER
3	LILAC ROLLER
3	LILAC ROLLER
3	LILAC ROLLER
3	LILAC ROLLER
3	LILAC ROLLER
3	LILAC ROLLER
3	LILAC ROLLER
3	LILAC ROLLER
3	LILAC ROLLER
3	LILAC ROLLER
3	LILAC ROLLER
3	LILAC ROLLER
3	LILAC ROLLER
3	LILAC ROLLER
3	LILAC ROLLER
3	LILAC ROLLER
3	LILAC ROLLER
3	LILAC ROLLER
3	LILAC ROLLER
3	LILAC ROLLER
3	LILAC ROLLER
3	LILAC ROLLER
3	LILAC ROLLER
3	LILAC ROLLER
3	LILAC ROLLER
3	LILAC ROLLER
3	LILAC ROLLER
3	LILAC ROLLER
3	LILAC ROLLER
3	LILAC ROLLER
3	LILAC ROLLER
3	LILAC ROLLER
3	LILAC ROLLER
3	LILAC ROLLER
3	LILAC ROLLER
3	LILAC ROLLER
3	LILAC ROLLER
3	LILAC ROLLER
3	LILAC ROLLER
3	LILAC ROLLER
3	LILAC ROLLER
3	LILAC ROLLER
3	LILAC ROLLER
3	LILAC ROLLER
3	LILAC ROLLER
3	LILAC ROLLER
3	LILAC ROLLER
3	LILAC ROLLER
3	LILAC ROLLER
3	LILAC ROLLER
3	LILAC ROLLER
3	LILAC ROLLER
3	LILAC ROLLER
3	LILAC ROLLER
3	LILAC ROLLER
3	LILAC ROLLER
3	LILAC ROLLER
3	LILAC ROLLER
3	LILAC ROLLER
3	LILAC ROLLER
3	LILAC ROLLER
3	LILAC ROLLER
3	LILAC ROLLER
3	LILAC ROLLER
3	LILAC ROLLER
3	LILAC ROLLER
3	LILAC ROLLER
3	LILAC ROLLER
3	LILAC ROLLER
3	LILAC ROLLER
3	LILAC ROLLER
3	LILAC ROLLER
3	LILAC ROLLER
3	LILAC ROLLER
3	LILAC ROLLER
3	LILAC ROLLER
3	LILAC ROLLER
4	MALACHITE KINGFISHER
4	MALACHITE KINGFISHER
4	MALACHITE KINGFISHER
4	MALACHITE KINGFISHER
4	MALACHITE KINGFISHER
4	MALACHITE KINGFISHER
4	MALACHITE KINGFISHER
4	MALACHITE KINGFISHER
4	MALACHITE KINGFISHER
4	MALACHITE KINGFISHER
4	MALACHITE KINGFISHER
4	MALACHITE KINGFISHER
4	MALACHITE KINGFISHER
4	MALACHITE KINGFISHER
4	MALACHITE KINGFISHER
4	MALACHITE KINGFISHER
4	MALACHITE KINGFISHER
4	MALACHITE KINGFISHER
4	MALACHITE KINGFISHER
4	MALACHITE KINGFISHER
4	MALACHITE KINGFISHER
4	MALACHITE KINGFISHER
4	MALACHITE KINGFISHER
4	MALACHITE KINGFISHER
4	MALACHITE KINGFISHER
4	MALACHITE KINGFISHER
4	MALACHITE KINGFISHER
4	MALACHITE KINGFISHER
4	MALACHITE KINGFISHER
4	MALACHITE KINGFISHER
4	MALACHITE KINGFISHER
4	MALACHITE KINGFISHER
4	MALACHITE KINGFISHER
4	MALACHITE KINGFISHER
4	MALACHITE KINGFISHER
4	MALACHITE KINGFISHER
4	MALACHITE KINGFISHER
4	MALACHITE KINGFISHER
4	MALACHITE KINGFISHER
4	MALACHITE KINGFISHER
4	MALACHITE KINGFISHER
4	MALACHITE KINGFISHER
4	MALACHITE KINGFISHER
4	MALACHITE KINGFISHER
4	MALACHITE KINGFISHER
4	MALACHITE KINGFISHER
4	MALACHITE KINGFISHER
4	MALACHITE KINGFISHER
4	MALACHITE KINGFISHER
4	MALACHITE KINGFISHER
4	MALACHITE KINGFISHER
4	MALACHITE KINGFISHER
4	MALACHITE KINGFISHER
4	MALACHITE KINGFISHER
4	MALACHITE KINGFISHER
4	MALACHITE KINGFISHER
4	MALACHITE KINGFISHER
4	MALACHITE KINGFISHER
4	MALACHITE KINGFISHER
4	MALACHITE KINGFISHER
4	MALACHITE KINGFISHER
4	MALACHITE KINGFISHER
4	MALACHITE KINGFISHER
4	MALACHITE KINGFISHER
4	MALACHITE KINGFISHER
4	MALACHITE KINGFISHER
4	MALACHITE KINGFISHER
4	MALACHITE KINGFISHER
4	MALACHITE KINGFISHER
4	MALACHITE KINGFISHER
4	MALACHITE KINGFISHER
4	MALACHITE KINGFISHER
4	MALACHITE KINGFISHER
4	MALACHITE KINGFISHER
4	MALACHITE KINGFISHER
4	MALACHITE KINGFISHER
4	MALACHITE KINGFISHER
4	MALACHITE KINGFISHER
4	MALACHITE KINGFISHER
4	MALACHITE KINGFISHER
4	MALACHITE KINGFISHER
4	MALACHITE KINGFISHER
4	MALACHITE KINGFISHER
4	MALACHITE KINGFISHER
4	MALACHITE KINGFISHER
4	MALACHITE KINGFISHER
4	MALACHITE KINGFISHER
4	MALACHITE KINGFISHER
4	MALACHITE KINGFISHER
4	MALACHITE KINGFISHER
4	MALACHITE KINGFISHER
4	MALACHITE KINGFISHER
4	MALACHITE KINGFISHER
4	MALACHITE KINGFISHER
4	MALACHITE KINGFISHER
4	MALACHITE KINGFISHER
4	MALACHITE KINGFISHER
4	MALACHITE KINGFISHER
4	MALACHITE KINGFISHER
4	MALACHITE KINGFISHER
4	MALACHITE KINGFISHER
4	MALACHITE KINGFISHER
4	MALACHITE KINGFISHER
4	MALACHITE KINGFISHER
4	MALACHITE KINGFISHER
4	MALACHITE KINGFISHER
4	MALACHITE KINGFISHER
4	MALACHITE KINGFISHER
4	MALACHITE KINGFISHER
4	MALACHITE KINGFISHER
5	NICOBAR PIGEON
5	NICOBAR PIGEON
5	NICOBAR PIGEON
5	NICOBAR PIGEON
5	NICOBAR PIGEON
5	NICOBAR PIGEON
5	NICOBAR PIGEON
5	NICOBAR PIGEON
5	NICOBAR PIGEON
5	NICOBAR PIGEON
5	NICOBAR PIGEON
5	NICOBAR PIGEON
5	NICOBAR PIGEON
5	NICOBAR PIGEON
5	NICOBAR PIGEON
5	NICOBAR PIGEON
5	NICOBAR PIGEON
5	NICOBAR PIGEON
5	NICOBAR PIGEON
5	NICOBAR PIGEON
5	NICOBAR PIGEON
5	NICOBAR PIGEON
5	NICOBAR PIGEON
5	NICOBAR PIGEON
5	NICOBAR PIGEON
5	NICOBAR PIGEON
5	NICOBAR PIGEON
5	NICOBAR PIGEON
5	NICOBAR PIGEON
5	NICOBAR PIGEON
5	NICOBAR PIGEON
5	NICOBAR PIGEON
5	NICOBAR PIGEON
5	NICOBAR PIGEON
5	NICOBAR PIGEON
5	NICOBAR PIGEON
5	NICOBAR PIGEON
5	NICOBAR PIGEON
5	NICOBAR PIGEON
5	NICOBAR PIGEON
5	NICOBAR PIGEON
5	NICOBAR PIGEON
5	NICOBAR PIGEON
5	NICOBAR PIGEON
5	NICOBAR PIGEON
5	NICOBAR PIGEON
5	NICOBAR PIGEON
5	NICOBAR PIGEON
5	NICOBAR PIGEON
5	NICOBAR PIGEON
5	NICOBAR PIGEON
5	NICOBAR PIGEON
5	NICOBAR PIGEON
5	NICOBAR PIGEON
5	NICOBAR PIGEON
5	NICOBAR PIGEON
5	NICOBAR PIGEON
5	NICOBAR PIGEON
5	NICOBAR PIGEON
5	NICOBAR PIGEON
5	NICOBAR PIGEON
5	NICOBAR PIGEON
5	NICOBAR PIGEON
5	NICOBAR PIGEON
5	NICOBAR PIGEON
5	NICOBAR PIGEON
5	NICOBAR PIGEON
5	NICOBAR PIGEON
5	NICOBAR PIGEON
5	NICOBAR PIGEON
5	NICOBAR PIGEON
5	NICOBAR PIGEON
5	NICOBAR PIGEON
5	NICOBAR PIGEON
5	NICOBAR PIGEON
5	NICOBAR PIGEON
5	NICOBAR PIGEON
5	NICOBAR PIGEON
5	NICOBAR PIGEON
5	NICOBAR PIGEON
5	NICOBAR PIGEON
5	NICOBAR PIGEON
5	NICOBAR PIGEON
5	NICOBAR PIGEON
5	NICOBAR PIGEON
5	NICOBAR PIGEON
5	NICOBAR PIGEON
5	NICOBAR PIGEON
5	NICOBAR PIGEON
5	NICOBAR PIGEON
5	NICOBAR PIGEON
5	NICOBAR PIGEON
5	NICOBAR PIGEON
5	NICOBAR PIGEON
5	NICOBAR PIGEON
5	NICOBAR PIGEON
5	NICOBAR PIGEON
5	NICOBAR PIGEON
5	NICOBAR PIGEON
5	NICOBAR PIGEON
5	NICOBAR PIGEON
5	NICOBAR PIGEON
5	NICOBAR PIGEON
5	NICOBAR PIGEON
5	NICOBAR PIGEON
5	NICOBAR PIGEON
5	NICOBAR PIGEON
5	NICOBAR PIGEON
5	NICOBAR PIGEON
5	NICOBAR PIGEON
6	PAINTED BUNTIG
6	PAINTED BUNTIG
6	PAINTED BUNTIG
6	PAINTED BUNTIG
6	PAINTED BUNTIG
6	PAINTED BUNTIG
6	PAINTED BUNTIG
6	PAINTED BUNTIG
6	PAINTED BUNTIG
6	PAINTED BUNTIG
6	PAINTED BUNTIG
6	PAINTED BUNTIG
6	PAINTED BUNTIG
6	PAINTED BUNTIG
6	PAINTED BUNTIG
6	PAINTED BUNTIG
6	PAINTED BUNTIG
6	PAINTED BUNTIG
6	PAINTED BUNTIG
6	PAINTED BUNTIG
6	PAINTED BUNTIG
6	PAINTED BUNTIG
6	PAINTED BUNTIG
6	PAINTED BUNTIG
6	PAINTED BUNTIG
6	PAINTED BUNTIG
6	PAINTED BUNTIG
6	PAINTED BUNTIG
6	PAINTED BUNTIG
6	PAINTED BUNTIG
6	PAINTED BUNTIG
6	PAINTED BUNTIG
6	PAINTED BUNTIG
6	PAINTED BUNTIG
6	PAINTED BUNTIG
6	PAINTED BUNTIG
6	PAINTED BUNTIG
6	PAINTED BUNTIG
6	PAINTED BUNTIG
6	PAINTED BUNTIG
6	PAINTED BUNTIG
6	PAINTED BUNTIG
6	PAINTED BUNTIG
6	PAINTED BUNTIG
6	PAINTED BUNTIG
6	PAINTED BUNTIG
6	PAINTED BUNTIG
6	PAINTED BUNTIG
6	PAINTED BUNTIG
6	PAINTED BUNTIG
6	PAINTED BUNTIG
6	PAINTED BUNTIG
6	PAINTED BUNTIG
6	PAINTED BUNTIG
6	PAINTED BUNTIG
6	PAINTED BUNTIG
6	PAINTED BUNTIG
6	PAINTED BUNTIG
6	PAINTED BUNTIG
6	PAINTED BUNTIG
6	PAINTED BUNTIG
6	PAINTED BUNTIG
6	PAINTED BUNTIG
6	PAINTED BUNTIG
6	PAINTED BUNTIG
6	PAINTED BUNTIG
6	PAINTED BUNTIG
6	PAINTED BUNTIG
6	PAINTED BUNTIG
6	PAINTED BUNTIG
6	PAINTED BUNTIG
6	PAINTED BUNTIG
6	PAINTED BUNTIG
6	PAINTED BUNTIG
6	PAINTED BUNTIG
6	PAINTED BUNTIG
6	PAINTED BUNTIG
6	PAINTED BUNTIG
6	PAINTED BUNTIG
6	PAINTED BUNTIG
6	PAINTED BUNTIG
6	PAINTED BUNTIG
6	PAINTED BUNTIG
6	PAINTED BUNTIG
6	PAINTED BUNTIG
6	PAINTED BUNTIG
6	PAINTED BUNTIG
6	PAINTED BUNTIG
6	PAINTED BUNTIG
6	PAINTED BUNTIG
6	PAINTED BUNTIG
6	PAINTED BUNTIG
6	PAINTED BUNTIG
6	PAINTED BUNTIG
6	PAINTED BUNTIG
6	PAINTED BUNTIG
6	PAINTED BUNTIG
6	PAINTED BUNTIG
6	PAINTED BUNTIG
6	PAINTED BUNTIG
6	PAINTED BUNTIG
6	PAINTED BUNTIG
6	PAINTED BUNTIG
6	PAINTED BUNTIG
6	PAINTED BUNTIG
6	PAINTED BUNTIG
6	PAINTED BUNTIG
6	PAINTED BUNTIG
6	PAINTED BUNTIG
6	PAINTED BUNTIG
7	PEACOCK
7	PEACOCK
7	PEACOCK
7	PEACOCK
7	PEACOCK
7	PEACOCK
7	PEACOCK
7	PEACOCK
7	PEACOCK
7	PEACOCK
7	PEACOCK
7	PEACOCK
7	PEACOCK
7	PEACOCK
7	PEACOCK
7	PEACOCK
7	PEACOCK
7	PEACOCK
7	PEACOCK
7	PEACOCK
7	PEACOCK
7	PEACOCK
7	PEACOCK
7	PEACOCK
7	PEACOCK
7	PEACOCK
7	PEACOCK
7	PEACOCK
7	PEACOCK
7	PEACOCK
7	PEACOCK
7	PEACOCK
7	PEACOCK
7	PEACOCK
7	PEACOCK
7	PEACOCK
7	PEACOCK
7	PEACOCK
7	PEACOCK
7	PEACOCK
7	PEACOCK
7	PEACOCK
7	PEACOCK
7	PEACOCK
7	PEACOCK
7	PEACOCK
7	PEACOCK
7	PEACOCK
7	PEACOCK
7	PEACOCK
7	PEACOCK
7	PEACOCK
7	PEACOCK
7	PEACOCK
7	PEACOCK
7	PEACOCK
7	PEACOCK
7	PEACOCK
7	PEACOCK
7	PEACOCK
7	PEACOCK
7	PEACOCK
7	PEACOCK
7	PEACOCK
7	PEACOCK
7	PEACOCK
7	PEACOCK
7	PEACOCK
7	PEACOCK
7	PEACOCK
7	PEACOCK
7	PEACOCK
7	PEACOCK
7	PEACOCK
7	PEACOCK
7	PEACOCK
7	PEACOCK
7	PEACOCK
7	PEACOCK
7	PEACOCK
7	PEACOCK
7	PEACOCK
7	PEACOCK
7	PEACOCK
7	PEACOCK
7	PEACOCK
7	PEACOCK
7	PEACOCK
7	PEACOCK
7	PEACOCK
7	PEACOCK
7	PEACOCK
7	PEACOCK
7	PEACOCK
7	PEACOCK
7	PEACOCK
7	PEACOCK
7	PEACOCK
7	PEACOCK
7	PEACOCK
7	PEACOCK
7	PEACOCK
7	PEACOCK
7	PEACOCK
7	PEACOCK
7	PEACOCK
7	PEACOCK
7	PEACOCK
7	PEACOCK
7	PEACOCK
8	RAINBOW LORIKEET
8	RAINBOW LORIKEET
8	RAINBOW LORIKEET
8	RAINBOW LORIKEET
8	RAINBOW LORIKEET
8	RAINBOW LORIKEET
8	RAINBOW LORIKEET
8	RAINBOW LORIKEET
8	RAINBOW LORIKEET
8	RAINBOW LORIKEET
8	RAINBOW LORIKEET
8	RAINBOW LORIKEET
8	RAINBOW LORIKEET
8	RAINBOW LORIKEET
8	RAINBOW LORIKEET
8	RAINBOW LORIKEET
8	RAINBOW LORIKEET
8	RAINBOW LORIKEET
8	RAINBOW LORIKEET
8	RAINBOW LORIKEET
8	RAINBOW LORIKEET
8	RAINBOW LORIKEET
8	RAINBOW LORIKEET
8	RAINBOW LORIKEET
8	RAINBOW LORIKEET
8	RAINBOW LORIKEET
8	RAINBOW LORIKEET
8	RAINBOW LORIKEET
8	RAINBOW LORIKEET
8	RAINBOW LORIKEET
8	RAINBOW LORIKEET
8	RAINBOW LORIKEET
8	RAINBOW LORIKEET
8	RAINBOW LORIKEET
8	RAINBOW LORIKEET
8	RAINBOW LORIKEET
8	RAINBOW LORIKEET
8	RAINBOW LORIKEET
8	RAINBOW LORIKEET
8	RAINBOW LORIKEET
8	RAINBOW LORIKEET
8	RAINBOW LORIKEET
8	RAINBOW LORIKEET
8	RAINBOW LORIKEET
8	RAINBOW LORIKEET
8	RAINBOW LORIKEET
8	RAINBOW LORIKEET
8	RAINBOW LORIKEET
8	RAINBOW LORIKEET
8	RAINBOW LORIKEET
8	RAINBOW LORIKEET
8	RAINBOW LORIKEET
8	RAINBOW LORIKEET
8	RAINBOW LORIKEET
8	RAINBOW LORIKEET
8	RAINBOW LORIKEET
8	RAINBOW LORIKEET
8	RAINBOW LORIKEET
8	RAINBOW LORIKEET
8	RAINBOW LORIKEET
8	RAINBOW LORIKEET
8	RAINBOW LORIKEET
8	RAINBOW LORIKEET
8	RAINBOW LORIKEET
8	RAINBOW LORIKEET
8	RAINBOW LORIKEET
8	RAINBOW LORIKEET
8	RAINBOW LORIKEET
8	RAINBOW LORIKEET
8	RAINBOW LORIKEET
8	RAINBOW LORIKEET
8	RAINBOW LORIKEET
8	RAINBOW LORIKEET
8	RAINBOW LORIKEET
8	RAINBOW LORIKEET
8	RAINBOW LORIKEET
8	RAINBOW LORIKEET
8	RAINBOW LORIKEET
8	RAINBOW LORIKEET
8	RAINBOW LORIKEET
8	RAINBOW LORIKEET
8	RAINBOW LORIKEET
8	RAINBOW LORIKEET
8	RAINBOW LORIKEET
8	RAINBOW LORIKEET
8	RAINBOW LORIKEET
8	RAINBOW LORIKEET
8	RAINBOW LORIKEET
8	RAINBOW LORIKEET
8	RAINBOW LORIKEET
8	RAINBOW LORIKEET
8	RAINBOW LORIKEET
8	RAINBOW LORIKEET
8	RAINBOW LORIKEET
8	RAINBOW LORIKEET
8	RAINBOW LORIKEET
8	RAINBOW LORIKEET
8	RAINBOW LORIKEET
8	RAINBOW LORIKEET
8	RAINBOW LORIKEET
8	RAINBOW LORIKEET
8	RAINBOW LORIKEET
8	RAINBOW LORIKEET
8	RAINBOW LORIKEET
8	RAINBOW LORIKEET
8	RAINBOW LORIKEET
8	RAINBOW LORIKEET
8	RAINBOW LORIKEET
8	RAINBOW LORIKEET
8	RAINBOW LORIKEET
9	TAIWAN MAGPIE
9	TAIWAN MAGPIE
9	TAIWAN MAGPIE
9	TAIWAN MAGPIE
9	TAIWAN MAGPIE
9	TAIWAN MAGPIE
9	TAIWAN MAGPIE
9	TAIWAN MAGPIE
9	TAIWAN MAGPIE
9	TAIWAN MAGPIE
9	TAIWAN MAGPIE
9	TAIWAN MAGPIE
9	TAIWAN MAGPIE
9	TAIWAN MAGPIE
9	TAIWAN MAGPIE
9	TAIWAN MAGPIE
9	TAIWAN MAGPIE
9	TAIWAN MAGPIE
9	TAIWAN MAGPIE
9	TAIWAN MAGPIE
9	TAIWAN MAGPIE
9	TAIWAN MAGPIE
9	TAIWAN MAGPIE
9	TAIWAN MAGPIE
9	TAIWAN MAGPIE
9	TAIWAN MAGPIE
9	TAIWAN MAGPIE
9	TAIWAN MAGPIE
9	TAIWAN MAGPIE
9	TAIWAN MAGPIE
9	TAIWAN MAGPIE
9	TAIWAN MAGPIE
9	TAIWAN MAGPIE
9	TAIWAN MAGPIE
9	TAIWAN MAGPIE
9	TAIWAN MAGPIE
9	TAIWAN MAGPIE
9	TAIWAN MAGPIE
9	TAIWAN MAGPIE
9	TAIWAN MAGPIE
9	TAIWAN MAGPIE
9	TAIWAN MAGPIE
9	TAIWAN MAGPIE
9	TAIWAN MAGPIE
9	TAIWAN MAGPIE
9	TAIWAN MAGPIE
9	TAIWAN MAGPIE
9	TAIWAN MAGPIE
9	TAIWAN MAGPIE
9	TAIWAN MAGPIE
9	TAIWAN MAGPIE
9	TAIWAN MAGPIE
9	TAIWAN MAGPIE
9	TAIWAN MAGPIE
9	TAIWAN MAGPIE
9	TAIWAN MAGPIE
9	TAIWAN MAGPIE
9	TAIWAN MAGPIE
9	TAIWAN MAGPIE
9	TAIWAN MAGPIE
9	TAIWAN MAGPIE
9	TAIWAN MAGPIE
9	TAIWAN MAGPIE
9	TAIWAN MAGPIE
9	TAIWAN MAGPIE
9	TAIWAN MAGPIE
9	TAIWAN MAGPIE
9	TAIWAN MAGPIE
9	TAIWAN MAGPIE
9	TAIWAN MAGPIE
9	TAIWAN MAGPIE
9	TAIWAN MAGPIE
9	TAIWAN MAGPIE
9	TAIWAN MAGPIE
9	TAIWAN MAGPIE
9	TAIWAN MAGPIE
9	TAIWAN MAGPIE
9	TAIWAN MAGPIE
9	TAIWAN MAGPIE
9	TAIWAN MAGPIE
9	TAIWAN MAGPIE
9	TAIWAN MAGPIE
9	TAIWAN MAGPIE
9	TAIWAN MAGPIE
9	TAIWAN MAGPIE
9	TAIWAN MAGPIE
9	TAIWAN MAGPIE
9	TAIWAN MAGPIE
9	TAIWAN MAGPIE
9	TAIWAN MAGPIE
9	TAIWAN MAGPIE
9	TAIWAN MAGPIE
9	TAIWAN MAGPIE
9	TAIWAN MAGPIE
9	TAIWAN MAGPIE
9	TAIWAN MAGPIE
9	TAIWAN MAGPIE
9	TAIWAN MAGPIE
9	TAIWAN MAGPIE
9	TAIWAN MAGPIE
9	TAIWAN MAGPIE
9	TAIWAN MAGPIE
9	TAIWAN MAGPIE
9	TAIWAN MAGPIE
9	TAIWAN MAGPIE
9	TAIWAN MAGPIE
9	TAIWAN MAGPIE
9	TAIWAN MAGPIE
9	TAIWAN MAGPIE
9	TAIWAN MAGPIE
